Название,Обычная цена,Цена со скидкой,Наличие
Антимоскитная лампа Porodo Lifestyle Mosquito Zapper PD-LFST135-BK,289 m,-,В наличии
Зеркало для макияжа Porodo Lifestyle Hollywood Vanity PD-LFST162-WHRG,906 m,-,В наличии
Зеркало для макияжа Porodo Lifestyle Vanity PD-LFST160-WHRG,433 m,-,В наличии
Портативная лампа Porodo LED Tube Light PD-LFST136-WH,289 m,-,В наличии
Электрическая отвертка Porodo TechFix 97-in-1 PD-GTE970-BK,453 m,-,В наличии
Bluetooth-адаптер Porodo Audio Transmitter Black PD-BTRCV-BK,145 m,-,В наличии
Power Bank Porodo 60000mAh Multi-Device PD-PBFCH079-BK,680 m,-,В наличии
Power Bank Porodo Solar-Powered 20000mAh PDPBAS149BK,556 m,-,В наличии
Power Bank Porodo Gaming Arcadevolt 10000mAh PDPBXH002BK,536 m,-,В наличии
"Детский планшет для рисования Porodo Kids Tracing Book 8.5"" PDLFST082BK",186 m,-,В наличии
Фитнес-браслет Porodo Trackfit Smart Fitness Band PDSB1062BU,330 m,-,В наличии
Детские умные часы Porodo Kids Junicare PDLFST003PK,762 m,-,В наличии
Мини-холодильник Green Lion 22L 65W GNREFG22LBK,2 261 m,2 367 m,В наличии
Геймерское кресло AndaSeat Kaiser Frontier XL Black,4 226 m,4 425 m,В наличии
СЖО Jungle Leopard 360P TK1 ARGB,1 376 m,1 441 m,В наличии
СЖО Deepcool MYSTIQUE 240 ARGB,2 359 m,2 470 m,В наличии
Чемодан дорожный Xiaomi Classic Pro 26 (Black),3 047 m,3 190 m,В наличии
Наушники JBL Live 770NC (Beige),2 058 m,-,В наличии
Утюг Philips Azur DST7051 (Black-Violet),1 553 m,1 626 m,В наличии
Бойлер Tesy 80л (CTV 804415 D07 TR),2 850 m,2 985 m,В наличии
Цифровой телефон Grandstream GHP621 GHP621,905 m,947 m,В наличии
Мини-мойка Ronix RP-U100,1 278 m,1 338 m,В наличии
Мясорубка Vitek VT-3620,1 376 m,1 441 m,В наличии
IP-камера Hikvision DS-2CD2T45G0P-I,1 868 m,1 956 m,В наличии
Мини ПК TEXHOO QN-SE Barebone AMD Ryzen 5 3450U NoRAM NoSSD,3 087 m,-,В наличии
Беговая дорожка Xiaomi KingSmith TRG1F Pro,10 599 m,-,В наличии
Монитор Samsung Essential Monitor S3(S30GD) LS27D300GAMXUE,2 058 m,-,В наличии
Комбинированная плита Skyworth 110л (White),5 557 m,-,В наличии
Видеодомофон Panasonic VL-SA72,3 499 m,-,В наличии
Картридж для плоттера HP T930 (727) Yellow,927 m,-,В наличии
Массажер для шеи и плеч Philips Massage Shawl PPM3201N (Black),1 421 m,-,В наличии
3D принтер ELEGOO Mars 5 Ultra 9K,8 953 m,-,В наличии
Цифровой телефон Grandstream GHP621W GHP621W,1 174 m,-,В наличии
Кухонный комбайн Ardesto KSTM-8041,1 750 m,-,В наличии
Принтер 4 в 1 Epson L14150,9 982 m,-,В наличии
Сканер Epson Workforce DS-1630 EP-B11B239402BB,3 993 m,-,В наличии
Антимоскитная лампа Porodo Lifestyle Mosquito Zapper PD-LFST135-BK,289 m,-,В наличии
Зеркало для макияжа Porodo Lifestyle Hollywood Vanity PD-LFST162-WHRG,906 m,-,В наличии
Зеркало для макияжа Porodo Lifestyle Vanity PD-LFST160-WHRG,433 m,-,В наличии
Портативная лампа Porodo LED Tube Light PD-LFST136-WH,289 m,-,В наличии
Электрическая отвертка Porodo TechFix 97-in-1 PD-GTE970-BK,453 m,-,В наличии
Bluetooth-адаптер Porodo Audio Transmitter Black PD-BTRCV-BK,145 m,-,В наличии
Power Bank Porodo 60000mAh Multi-Device PD-PBFCH079-BK,680 m,-,В наличии
Power Bank Porodo Solar-Powered 20000mAh PDPBAS149BK,556 m,-,В наличии
Power Bank Porodo Gaming Arcadevolt 10000mAh PDPBXH002BK,536 m,-,В наличии
"Детский планшет для рисования Porodo Kids Tracing Book 8.5"" PDLFST082BK",186 m,-,В наличии
Фитнес-браслет Porodo Trackfit Smart Fitness Band PDSB1062BU,330 m,-,В наличии
Детские умные часы Porodo Kids Junicare PDLFST003PK,762 m,-,В наличии
Мини-холодильник Green Lion 22L 65W GNREFG22LBK,2 261 m,2 367 m,В наличии
Геймерское кресло AndaSeat Kaiser Frontier XL Black,4 226 m,4 425 m,В наличии
СЖО Jungle Leopard 360P TK1 ARGB,1 376 m,1 441 m,В наличии
СЖО Deepcool MYSTIQUE 240 ARGB,2 359 m,2 470 m,В наличии
Чемодан дорожный Xiaomi Classic Pro 26 (Black),3 047 m,3 190 m,В наличии
Наушники JBL Live 770NC (Beige),2 058 m,-,В наличии
Утюг Philips Azur DST7051 (Black-Violet),1 553 m,1 626 m,В наличии
Бойлер Tesy 80л (CTV 804415 D07 TR),2 850 m,2 985 m,В наличии
Цифровой телефон Grandstream GHP621 GHP621,905 m,947 m,В наличии
Мини-мойка Ronix RP-U100,1 278 m,1 338 m,В наличии
Мясорубка Vitek VT-3620,1 376 m,1 441 m,В наличии
IP-камера Hikvision DS-2CD2T45G0P-I,1 868 m,1 956 m,В наличии
Мини ПК TEXHOO QN-SE Barebone AMD Ryzen 5 3450U NoRAM NoSSD,3 087 m,-,В наличии
Беговая дорожка Xiaomi KingSmith TRG1F Pro,10 599 m,-,В наличии
Монитор Samsung Essential Monitor S3(S30GD) LS27D300GAMXUE,2 058 m,-,В наличии
Комбинированная плита Skyworth 110л (White),5 557 m,-,В наличии
Видеодомофон Panasonic VL-SA72,3 499 m,-,В наличии
Картридж для плоттера HP T930 (727) Yellow,927 m,-,В наличии
Массажер для шеи и плеч Philips Massage Shawl PPM3201N (Black),1 421 m,-,В наличии
3D принтер ELEGOO Mars 5 Ultra 9K,8 953 m,-,В наличии
Цифровой телефон Grandstream GHP621W GHP621W,1 174 m,-,В наличии
Кухонный комбайн Ardesto KSTM-8041,1 750 m,-,В наличии
Принтер 4 в 1 Epson L14150,9 982 m,-,В наличии
Сканер Epson Workforce DS-1630 EP-B11B239402BB,3 993 m,-,В наличии
Антимоскитная лампа Porodo Lifestyle Mosquito Zapper PD-LFST135-BK,289 m,-,В наличии
Зеркало для макияжа Porodo Lifestyle Hollywood Vanity PD-LFST162-WHRG,906 m,-,В наличии
Зеркало для макияжа Porodo Lifestyle Vanity PD-LFST160-WHRG,433 m,-,В наличии
Портативная лампа Porodo LED Tube Light PD-LFST136-WH,289 m,-,В наличии
Электрическая отвертка Porodo TechFix 97-in-1 PD-GTE970-BK,453 m,-,В наличии
Bluetooth-адаптер Porodo Audio Transmitter Black PD-BTRCV-BK,145 m,-,В наличии
Power Bank Porodo 60000mAh Multi-Device PD-PBFCH079-BK,680 m,-,В наличии
Power Bank Porodo Solar-Powered 20000mAh PDPBAS149BK,556 m,-,В наличии
Power Bank Porodo Gaming Arcadevolt 10000mAh PDPBXH002BK,536 m,-,В наличии
"Детский планшет для рисования Porodo Kids Tracing Book 8.5"" PDLFST082BK",186 m,-,В наличии
Фитнес-браслет Porodo Trackfit Smart Fitness Band PDSB1062BU,330 m,-,В наличии
Детские умные часы Porodo Kids Junicare PDLFST003PK,762 m,-,В наличии
Мини-холодильник Green Lion 22L 65W GNREFG22LBK,2 261 m,2 367 m,В наличии
Геймерское кресло AndaSeat Kaiser Frontier XL Black,4 226 m,4 425 m,В наличии
СЖО Jungle Leopard 360P TK1 ARGB,1 376 m,1 441 m,В наличии
СЖО Deepcool MYSTIQUE 240 ARGB,2 359 m,2 470 m,В наличии
Чемодан дорожный Xiaomi Classic Pro 26 (Black),3 047 m,3 190 m,В наличии
Наушники JBL Live 770NC (Beige),2 058 m,-,В наличии
Утюг Philips Azur DST7051 (Black-Violet),1 553 m,1 626 m,В наличии
Бойлер Tesy 80л (CTV 804415 D07 TR),2 850 m,2 985 m,В наличии
Цифровой телефон Grandstream GHP621 GHP621,905 m,947 m,В наличии
Мини-мойка Ronix RP-U100,1 278 m,1 338 m,В наличии
Мясорубка Vitek VT-3620,1 376 m,1 441 m,В наличии
IP-камера Hikvision DS-2CD2T45G0P-I,1 868 m,1 956 m,В наличии
Мини ПК TEXHOO QN-SE Barebone AMD Ryzen 5 3450U NoRAM NoSSD,3 087 m,-,В наличии
Беговая дорожка Xiaomi KingSmith TRG1F Pro,10 599 m,-,В наличии
Монитор Samsung Essential Monitor S3(S30GD) LS27D300GAMXUE,2 058 m,-,В наличии
Комбинированная плита Skyworth 110л (White),5 557 m,-,В наличии
Видеодомофон Panasonic VL-SA72,3 499 m,-,В наличии
Картридж для плоттера HP T930 (727) Yellow,927 m,-,В наличии
Массажер для шеи и плеч Philips Massage Shawl PPM3201N (Black),1 421 m,-,В наличии
3D принтер ELEGOO Mars 5 Ultra 9K,8 953 m,-,В наличии
Цифровой телефон Grandstream GHP621W GHP621W,1 174 m,-,В наличии
Кухонный комбайн Ardesto KSTM-8041,1 750 m,-,В наличии
Принтер 4 в 1 Epson L14150,9 982 m,-,В наличии
Сканер Epson Workforce DS-1630 EP-B11B239402BB,3 993 m,-,В наличии
Антимоскитная лампа Porodo Lifestyle Mosquito Zapper PD-LFST135-BK,289 m,-,В наличии
Зеркало для макияжа Porodo Lifestyle Hollywood Vanity PD-LFST162-WHRG,906 m,-,В наличии
Зеркало для макияжа Porodo Lifestyle Vanity PD-LFST160-WHRG,433 m,-,В наличии
Портативная лампа Porodo LED Tube Light PD-LFST136-WH,289 m,-,В наличии
Электрическая отвертка Porodo TechFix 97-in-1 PD-GTE970-BK,453 m,-,В наличии
Bluetooth-адаптер Porodo Audio Transmitter Black PD-BTRCV-BK,145 m,-,В наличии
Power Bank Porodo 60000mAh Multi-Device PD-PBFCH079-BK,680 m,-,В наличии
Power Bank Porodo Solar-Powered 20000mAh PDPBAS149BK,556 m,-,В наличии
Power Bank Porodo Gaming Arcadevolt 10000mAh PDPBXH002BK,536 m,-,В наличии
"Детский планшет для рисования Porodo Kids Tracing Book 8.5"" PDLFST082BK",186 m,-,В наличии
Фитнес-браслет Porodo Trackfit Smart Fitness Band PDSB1062BU,330 m,-,В наличии
Детские умные часы Porodo Kids Junicare PDLFST003PK,762 m,-,В наличии
Мини-холодильник Green Lion 22L 65W GNREFG22LBK,2 261 m,2 367 m,В наличии
Геймерское кресло AndaSeat Kaiser Frontier XL Black,4 226 m,4 425 m,В наличии
СЖО Jungle Leopard 360P TK1 ARGB,1 376 m,1 441 m,В наличии
СЖО Deepcool MYSTIQUE 240 ARGB,2 359 m,2 470 m,В наличии
Чемодан дорожный Xiaomi Classic Pro 26 (Black),3 047 m,3 190 m,В наличии
Наушники JBL Live 770NC (Beige),2 058 m,-,В наличии
Утюг Philips Azur DST7051 (Black-Violet),1 553 m,1 626 m,В наличии
Бойлер Tesy 80л (CTV 804415 D07 TR),2 850 m,2 985 m,В наличии
Цифровой телефон Grandstream GHP621 GHP621,905 m,947 m,В наличии
Мини-мойка Ronix RP-U100,1 278 m,1 338 m,В наличии
Мясорубка Vitek VT-3620,1 376 m,1 441 m,В наличии
IP-камера Hikvision DS-2CD2T45G0P-I,1 868 m,1 956 m,В наличии
Мини ПК TEXHOO QN-SE Barebone AMD Ryzen 5 3450U NoRAM NoSSD,3 087 m,-,В наличии
Беговая дорожка Xiaomi KingSmith TRG1F Pro,10 599 m,-,В наличии
Монитор Samsung Essential Monitor S3(S30GD) LS27D300GAMXUE,2 058 m,-,В наличии
Комбинированная плита Skyworth 110л (White),5 557 m,-,В наличии
Видеодомофон Panasonic VL-SA72,3 499 m,-,В наличии
Картридж для плоттера HP T930 (727) Yellow,927 m,-,В наличии
Массажер для шеи и плеч Philips Massage Shawl PPM3201N (Black),1 421 m,-,В наличии
3D принтер ELEGOO Mars 5 Ultra 9K,8 953 m,-,В наличии
Цифровой телефон Grandstream GHP621W GHP621W,1 174 m,-,В наличии
Кухонный комбайн Ardesto KSTM-8041,1 750 m,-,В наличии
Принтер 4 в 1 Epson L14150,9 982 m,-,В наличии
Сканер Epson Workforce DS-1630 EP-B11B239402BB,3 993 m,-,В наличии
Антимоскитная лампа Porodo Lifestyle Mosquito Zapper PD-LFST135-BK,289 m,-,В наличии
Зеркало для макияжа Porodo Lifestyle Hollywood Vanity PD-LFST162-WHRG,906 m,-,В наличии
Зеркало для макияжа Porodo Lifestyle Vanity PD-LFST160-WHRG,433 m,-,В наличии
Портативная лампа Porodo LED Tube Light PD-LFST136-WH,289 m,-,В наличии
Электрическая отвертка Porodo TechFix 97-in-1 PD-GTE970-BK,453 m,-,В наличии
Bluetooth-адаптер Porodo Audio Transmitter Black PD-BTRCV-BK,145 m,-,В наличии
Power Bank Porodo 60000mAh Multi-Device PD-PBFCH079-BK,680 m,-,В наличии
Power Bank Porodo Solar-Powered 20000mAh PDPBAS149BK,556 m,-,В наличии
Power Bank Porodo Gaming Arcadevolt 10000mAh PDPBXH002BK,536 m,-,В наличии
"Детский планшет для рисования Porodo Kids Tracing Book 8.5"" PDLFST082BK",186 m,-,В наличии
Фитнес-браслет Porodo Trackfit Smart Fitness Band PDSB1062BU,330 m,-,В наличии
Детские умные часы Porodo Kids Junicare PDLFST003PK,762 m,-,В наличии
Мини-холодильник Green Lion 22L 65W GNREFG22LBK,2 261 m,2 367 m,В наличии
Геймерское кресло AndaSeat Kaiser Frontier XL Black,4 226 m,4 425 m,В наличии
СЖО Jungle Leopard 360P TK1 ARGB,1 376 m,1 441 m,В наличии
СЖО Deepcool MYSTIQUE 240 ARGB,2 359 m,2 470 m,В наличии
Чемодан дорожный Xiaomi Classic Pro 26 (Black),3 047 m,3 190 m,В наличии
Наушники JBL Live 770NC (Beige),2 058 m,-,В наличии
Утюг Philips Azur DST7051 (Black-Violet),1 553 m,1 626 m,В наличии
Бойлер Tesy 80л (CTV 804415 D07 TR),2 850 m,2 985 m,В наличии
Цифровой телефон Grandstream GHP621 GHP621,905 m,947 m,В наличии
Мини-мойка Ronix RP-U100,1 278 m,1 338 m,В наличии
Мясорубка Vitek VT-3620,1 376 m,1 441 m,В наличии
IP-камера Hikvision DS-2CD2T45G0P-I,1 868 m,1 956 m,В наличии
Мини ПК TEXHOO QN-SE Barebone AMD Ryzen 5 3450U NoRAM NoSSD,3 087 m,-,В наличии
Беговая дорожка Xiaomi KingSmith TRG1F Pro,10 599 m,-,В наличии
Монитор Samsung Essential Monitor S3(S30GD) LS27D300GAMXUE,2 058 m,-,В наличии
Комбинированная плита Skyworth 110л (White),5 557 m,-,В наличии
Видеодомофон Panasonic VL-SA72,3 499 m,-,В наличии
Картридж для плоттера HP T930 (727) Yellow,927 m,-,В наличии
Массажер для шеи и плеч Philips Massage Shawl PPM3201N (Black),1 421 m,-,В наличии
3D принтер ELEGOO Mars 5 Ultra 9K,8 953 m,-,В наличии
Цифровой телефон Grandstream GHP621W GHP621W,1 174 m,-,В наличии
Кухонный комбайн Ardesto KSTM-8041,1 750 m,-,В наличии
Принтер 4 в 1 Epson L14150,9 982 m,-,В наличии
Сканер Epson Workforce DS-1630 EP-B11B239402BB,3 993 m,-,В наличии
Антимоскитная лампа Porodo Lifestyle Mosquito Zapper PD-LFST135-BK,289 m,-,В наличии
Зеркало для макияжа Porodo Lifestyle Hollywood Vanity PD-LFST162-WHRG,906 m,-,В наличии
Зеркало для макияжа Porodo Lifestyle Vanity PD-LFST160-WHRG,433 m,-,В наличии
Портативная лампа Porodo LED Tube Light PD-LFST136-WH,289 m,-,В наличии
Электрическая отвертка Porodo TechFix 97-in-1 PD-GTE970-BK,453 m,-,В наличии
Bluetooth-адаптер Porodo Audio Transmitter Black PD-BTRCV-BK,145 m,-,В наличии
Power Bank Porodo 60000mAh Multi-Device PD-PBFCH079-BK,680 m,-,В наличии
Power Bank Porodo Solar-Powered 20000mAh PDPBAS149BK,556 m,-,В наличии
Power Bank Porodo Gaming Arcadevolt 10000mAh PDPBXH002BK,536 m,-,В наличии
"Детский планшет для рисования Porodo Kids Tracing Book 8.5"" PDLFST082BK",186 m,-,В наличии
Фитнес-браслет Porodo Trackfit Smart Fitness Band PDSB1062BU,330 m,-,В наличии
Детские умные часы Porodo Kids Junicare PDLFST003PK,762 m,-,В наличии
Мини-холодильник Green Lion 22L 65W GNREFG22LBK,2 261 m,2 367 m,В наличии
Геймерское кресло AndaSeat Kaiser Frontier XL Black,4 226 m,4 425 m,В наличии
СЖО Jungle Leopard 360P TK1 ARGB,1 376 m,1 441 m,В наличии
СЖО Deepcool MYSTIQUE 240 ARGB,2 359 m,2 470 m,В наличии
Чемодан дорожный Xiaomi Classic Pro 26 (Black),3 047 m,3 190 m,В наличии
Наушники JBL Live 770NC (Beige),2 058 m,-,В наличии
Утюг Philips Azur DST7051 (Black-Violet),1 553 m,1 626 m,В наличии
Бойлер Tesy 80л (CTV 804415 D07 TR),2 850 m,2 985 m,В наличии
Цифровой телефон Grandstream GHP621 GHP621,905 m,947 m,В наличии
Мини-мойка Ronix RP-U100,1 278 m,1 338 m,В наличии
Мясорубка Vitek VT-3620,1 376 m,1 441 m,В наличии
IP-камера Hikvision DS-2CD2T45G0P-I,1 868 m,1 956 m,В наличии
Мини ПК TEXHOO QN-SE Barebone AMD Ryzen 5 3450U NoRAM NoSSD,3 087 m,-,В наличии
Беговая дорожка Xiaomi KingSmith TRG1F Pro,10 599 m,-,В наличии
Монитор Samsung Essential Monitor S3(S30GD) LS27D300GAMXUE,2 058 m,-,В наличии
Комбинированная плита Skyworth 110л (White),5 557 m,-,В наличии
Видеодомофон Panasonic VL-SA72,3 499 m,-,В наличии
Картридж для плоттера HP T930 (727) Yellow,927 m,-,В наличии
Массажер для шеи и плеч Philips Massage Shawl PPM3201N (Black),1 421 m,-,В наличии
3D принтер ELEGOO Mars 5 Ultra 9K,8 953 m,-,В наличии
Цифровой телефон Grandstream GHP621W GHP621W,1 174 m,-,В наличии
Кухонный комбайн Ardesto KSTM-8041,1 750 m,-,В наличии
Принтер 4 в 1 Epson L14150,9 982 m,-,В наличии
Сканер Epson Workforce DS-1630 EP-B11B239402BB,3 993 m,-,В наличии
Антимоскитная лампа Porodo Lifestyle Mosquito Zapper PD-LFST135-BK,289 m,-,В наличии
Зеркало для макияжа Porodo Lifestyle Hollywood Vanity PD-LFST162-WHRG,906 m,-,В наличии
Зеркало для макияжа Porodo Lifestyle Vanity PD-LFST160-WHRG,433 m,-,В наличии
Портативная лампа Porodo LED Tube Light PD-LFST136-WH,289 m,-,В наличии
Электрическая отвертка Porodo TechFix 97-in-1 PD-GTE970-BK,453 m,-,В наличии
Bluetooth-адаптер Porodo Audio Transmitter Black PD-BTRCV-BK,145 m,-,В наличии
Power Bank Porodo 60000mAh Multi-Device PD-PBFCH079-BK,680 m,-,В наличии
Power Bank Porodo Solar-Powered 20000mAh PDPBAS149BK,556 m,-,В наличии
Power Bank Porodo Gaming Arcadevolt 10000mAh PDPBXH002BK,536 m,-,В наличии
"Детский планшет для рисования Porodo Kids Tracing Book 8.5"" PDLFST082BK",186 m,-,В наличии
Фитнес-браслет Porodo Trackfit Smart Fitness Band PDSB1062BU,330 m,-,В наличии
Детские умные часы Porodo Kids Junicare PDLFST003PK,762 m,-,В наличии
Мини-холодильник Green Lion 22L 65W GNREFG22LBK,2 261 m,2 367 m,В наличии
Геймерское кресло AndaSeat Kaiser Frontier XL Black,4 226 m,4 425 m,В наличии
СЖО Jungle Leopard 360P TK1 ARGB,1 376 m,1 441 m,В наличии
СЖО Deepcool MYSTIQUE 240 ARGB,2 359 m,2 470 m,В наличии
Чемодан дорожный Xiaomi Classic Pro 26 (Black),3 047 m,3 190 m,В наличии
Наушники JBL Live 770NC (Beige),2 058 m,-,В наличии
Утюг Philips Azur DST7051 (Black-Violet),1 553 m,1 626 m,В наличии
Бойлер Tesy 80л (CTV 804415 D07 TR),2 850 m,2 985 m,В наличии
Цифровой телефон Grandstream GHP621 GHP621,905 m,947 m,В наличии
Мини-мойка Ronix RP-U100,1 278 m,1 338 m,В наличии
Мясорубка Vitek VT-3620,1 376 m,1 441 m,В наличии
IP-камера Hikvision DS-2CD2T45G0P-I,1 868 m,1 956 m,В наличии
Мини ПК TEXHOO QN-SE Barebone AMD Ryzen 5 3450U NoRAM NoSSD,3 087 m,-,В наличии
Беговая дорожка Xiaomi KingSmith TRG1F Pro,10 599 m,-,В наличии
Монитор Samsung Essential Monitor S3(S30GD) LS27D300GAMXUE,2 058 m,-,В наличии
Комбинированная плита Skyworth 110л (White),5 557 m,-,В наличии
Видеодомофон Panasonic VL-SA72,3 499 m,-,В наличии
Картридж для плоттера HP T930 (727) Yellow,927 m,-,В наличии
Массажер для шеи и плеч Philips Massage Shawl PPM3201N (Black),1 421 m,-,В наличии
3D принтер ELEGOO Mars 5 Ultra 9K,8 953 m,-,В наличии
Цифровой телефон Grandstream GHP621W GHP621W,1 174 m,-,В наличии
Кухонный комбайн Ardesto KSTM-8041,1 750 m,-,В наличии
Принтер 4 в 1 Epson L14150,9 982 m,-,В наличии
Сканер Epson Workforce DS-1630 EP-B11B239402BB,3 993 m,-,В наличии
Антимоскитная лампа Porodo Lifestyle Mosquito Zapper PD-LFST135-BK,289 m,-,В наличии
Зеркало для макияжа Porodo Lifestyle Hollywood Vanity PD-LFST162-WHRG,906 m,-,В наличии
Зеркало для макияжа Porodo Lifestyle Vanity PD-LFST160-WHRG,433 m,-,В наличии
Портативная лампа Porodo LED Tube Light PD-LFST136-WH,289 m,-,В наличии
Электрическая отвертка Porodo TechFix 97-in-1 PD-GTE970-BK,453 m,-,В наличии
Bluetooth-адаптер Porodo Audio Transmitter Black PD-BTRCV-BK,145 m,-,В наличии
Power Bank Porodo 60000mAh Multi-Device PD-PBFCH079-BK,680 m,-,В наличии
Power Bank Porodo Solar-Powered 20000mAh PDPBAS149BK,556 m,-,В наличии
Power Bank Porodo Gaming Arcadevolt 10000mAh PDPBXH002BK,536 m,-,В наличии
"Детский планшет для рисования Porodo Kids Tracing Book 8.5"" PDLFST082BK",186 m,-,В наличии
Фитнес-браслет Porodo Trackfit Smart Fitness Band PDSB1062BU,330 m,-,В наличии
Детские умные часы Porodo Kids Junicare PDLFST003PK,762 m,-,В наличии
Мини-холодильник Green Lion 22L 65W GNREFG22LBK,2 261 m,2 367 m,В наличии
Геймерское кресло AndaSeat Kaiser Frontier XL Black,4 226 m,4 425 m,В наличии
СЖО Jungle Leopard 360P TK1 ARGB,1 376 m,1 441 m,В наличии
СЖО Deepcool MYSTIQUE 240 ARGB,2 359 m,2 470 m,В наличии
Чемодан дорожный Xiaomi Classic Pro 26 (Black),3 047 m,3 190 m,В наличии
Наушники JBL Live 770NC (Beige),2 058 m,-,В наличии
Утюг Philips Azur DST7051 (Black-Violet),1 553 m,1 626 m,В наличии
Бойлер Tesy 80л (CTV 804415 D07 TR),2 850 m,2 985 m,В наличии
Цифровой телефон Grandstream GHP621 GHP621,905 m,947 m,В наличии
Мини-мойка Ronix RP-U100,1 278 m,1 338 m,В наличии
Мясорубка Vitek VT-3620,1 376 m,1 441 m,В наличии
IP-камера Hikvision DS-2CD2T45G0P-I,1 868 m,1 956 m,В наличии
Мини ПК TEXHOO QN-SE Barebone AMD Ryzen 5 3450U NoRAM NoSSD,3 087 m,-,В наличии
Беговая дорожка Xiaomi KingSmith TRG1F Pro,10 599 m,-,В наличии
Монитор Samsung Essential Monitor S3(S30GD) LS27D300GAMXUE,2 058 m,-,В наличии
Комбинированная плита Skyworth 110л (White),5 557 m,-,В наличии
Видеодомофон Panasonic VL-SA72,3 499 m,-,В наличии
Картридж для плоттера HP T930 (727) Yellow,927 m,-,В наличии
Массажер для шеи и плеч Philips Massage Shawl PPM3201N (Black),1 421 m,-,В наличии
3D принтер ELEGOO Mars 5 Ultra 9K,8 953 m,-,В наличии
Цифровой телефон Grandstream GHP621W GHP621W,1 174 m,-,В наличии
Кухонный комбайн Ardesto KSTM-8041,1 750 m,-,В наличии
Принтер 4 в 1 Epson L14150,9 982 m,-,В наличии
Сканер Epson Workforce DS-1630 EP-B11B239402BB,3 993 m,-,В наличии
Антимоскитная лампа Porodo Lifestyle Mosquito Zapper PD-LFST135-BK,289 m,-,В наличии
Зеркало для макияжа Porodo Lifestyle Hollywood Vanity PD-LFST162-WHRG,906 m,-,В наличии
Зеркало для макияжа Porodo Lifestyle Vanity PD-LFST160-WHRG,433 m,-,В наличии
Портативная лампа Porodo LED Tube Light PD-LFST136-WH,289 m,-,В наличии
Электрическая отвертка Porodo TechFix 97-in-1 PD-GTE970-BK,453 m,-,В наличии
Bluetooth-адаптер Porodo Audio Transmitter Black PD-BTRCV-BK,145 m,-,В наличии
Power Bank Porodo 60000mAh Multi-Device PD-PBFCH079-BK,680 m,-,В наличии
Power Bank Porodo Solar-Powered 20000mAh PDPBAS149BK,556 m,-,В наличии
Power Bank Porodo Gaming Arcadevolt 10000mAh PDPBXH002BK,536 m,-,В наличии
"Детский планшет для рисования Porodo Kids Tracing Book 8.5"" PDLFST082BK",186 m,-,В наличии
Фитнес-браслет Porodo Trackfit Smart Fitness Band PDSB1062BU,330 m,-,В наличии
Детские умные часы Porodo Kids Junicare PDLFST003PK,762 m,-,В наличии
Мини-холодильник Green Lion 22L 65W GNREFG22LBK,2 261 m,2 367 m,В наличии
Геймерское кресло AndaSeat Kaiser Frontier XL Black,4 226 m,4 425 m,В наличии
СЖО Jungle Leopard 360P TK1 ARGB,1 376 m,1 441 m,В наличии
СЖО Deepcool MYSTIQUE 240 ARGB,2 359 m,2 470 m,В наличии
Чемодан дорожный Xiaomi Classic Pro 26 (Black),3 047 m,3 190 m,В наличии
Наушники JBL Live 770NC (Beige),2 058 m,-,В наличии
Утюг Philips Azur DST7051 (Black-Violet),1 553 m,1 626 m,В наличии
Бойлер Tesy 80л (CTV 804415 D07 TR),2 850 m,2 985 m,В наличии
Цифровой телефон Grandstream GHP621 GHP621,905 m,947 m,В наличии
Мини-мойка Ronix RP-U100,1 278 m,1 338 m,В наличии
Мясорубка Vitek VT-3620,1 376 m,1 441 m,В наличии
IP-камера Hikvision DS-2CD2T45G0P-I,1 868 m,1 956 m,В наличии
Мини ПК TEXHOO QN-SE Barebone AMD Ryzen 5 3450U NoRAM NoSSD,3 087 m,-,В наличии
Беговая дорожка Xiaomi KingSmith TRG1F Pro,10 599 m,-,В наличии
Монитор Samsung Essential Monitor S3(S30GD) LS27D300GAMXUE,2 058 m,-,В наличии
Комбинированная плита Skyworth 110л (White),5 557 m,-,В наличии
Видеодомофон Panasonic VL-SA72,3 499 m,-,В наличии
Картридж для плоттера HP T930 (727) Yellow,927 m,-,В наличии
Массажер для шеи и плеч Philips Massage Shawl PPM3201N (Black),1 421 m,-,В наличии
3D принтер ELEGOO Mars 5 Ultra 9K,8 953 m,-,В наличии
Цифровой телефон Grandstream GHP621W GHP621W,1 174 m,-,В наличии
Кухонный комбайн Ardesto KSTM-8041,1 750 m,-,В наличии
Принтер 4 в 1 Epson L14150,9 982 m,-,В наличии
Сканер Epson Workforce DS-1630 EP-B11B239402BB,3 993 m,-,В наличии
Антимоскитная лампа Porodo Lifestyle Mosquito Zapper PD-LFST135-BK,289 m,-,В наличии
Зеркало для макияжа Porodo Lifestyle Hollywood Vanity PD-LFST162-WHRG,906 m,-,В наличии
Зеркало для макияжа Porodo Lifestyle Vanity PD-LFST160-WHRG,433 m,-,В наличии
Портативная лампа Porodo LED Tube Light PD-LFST136-WH,289 m,-,В наличии
Электрическая отвертка Porodo TechFix 97-in-1 PD-GTE970-BK,453 m,-,В наличии
Bluetooth-адаптер Porodo Audio Transmitter Black PD-BTRCV-BK,145 m,-,В наличии
Power Bank Porodo 60000mAh Multi-Device PD-PBFCH079-BK,680 m,-,В наличии
Power Bank Porodo Solar-Powered 20000mAh PDPBAS149BK,556 m,-,В наличии
Power Bank Porodo Gaming Arcadevolt 10000mAh PDPBXH002BK,536 m,-,В наличии
"Детский планшет для рисования Porodo Kids Tracing Book 8.5"" PDLFST082BK",186 m,-,В наличии
Фитнес-браслет Porodo Trackfit Smart Fitness Band PDSB1062BU,330 m,-,В наличии
Детские умные часы Porodo Kids Junicare PDLFST003PK,762 m,-,В наличии
Мини-холодильник Green Lion 22L 65W GNREFG22LBK,2 261 m,2 367 m,В наличии
Геймерское кресло AndaSeat Kaiser Frontier XL Black,4 226 m,4 425 m,В наличии
СЖО Jungle Leopard 360P TK1 ARGB,1 376 m,1 441 m,В наличии
СЖО Deepcool MYSTIQUE 240 ARGB,2 359 m,2 470 m,В наличии
Чемодан дорожный Xiaomi Classic Pro 26 (Black),3 047 m,3 190 m,В наличии
Наушники JBL Live 770NC (Beige),2 058 m,-,В наличии
Утюг Philips Azur DST7051 (Black-Violet),1 553 m,1 626 m,В наличии
Бойлер Tesy 80л (CTV 804415 D07 TR),2 850 m,2 985 m,В наличии
Цифровой телефон Grandstream GHP621 GHP621,905 m,947 m,В наличии
Мини-мойка Ronix RP-U100,1 278 m,1 338 m,В наличии
Мясорубка Vitek VT-3620,1 376 m,1 441 m,В наличии
IP-камера Hikvision DS-2CD2T45G0P-I,1 868 m,1 956 m,В наличии
Мини ПК TEXHOO QN-SE Barebone AMD Ryzen 5 3450U NoRAM NoSSD,3 087 m,-,В наличии
Беговая дорожка Xiaomi KingSmith TRG1F Pro,10 599 m,-,В наличии
Монитор Samsung Essential Monitor S3(S30GD) LS27D300GAMXUE,2 058 m,-,В наличии
Комбинированная плита Skyworth 110л (White),5 557 m,-,В наличии
Видеодомофон Panasonic VL-SA72,3 499 m,-,В наличии
Картридж для плоттера HP T930 (727) Yellow,927 m,-,В наличии
Массажер для шеи и плеч Philips Massage Shawl PPM3201N (Black),1 421 m,-,В наличии
3D принтер ELEGOO Mars 5 Ultra 9K,8 953 m,-,В наличии
Цифровой телефон Grandstream GHP621W GHP621W,1 174 m,-,В наличии
Кухонный комбайн Ardesto KSTM-8041,1 750 m,-,В наличии
Принтер 4 в 1 Epson L14150,9 982 m,-,В наличии
Сканер Epson Workforce DS-1630 EP-B11B239402BB,3 993 m,-,В наличии
Антимоскитная лампа Porodo Lifestyle Mosquito Zapper PD-LFST135-BK,289 m,-,В наличии
Зеркало для макияжа Porodo Lifestyle Hollywood Vanity PD-LFST162-WHRG,906 m,-,В наличии
Зеркало для макияжа Porodo Lifestyle Vanity PD-LFST160-WHRG,433 m,-,В наличии
Портативная лампа Porodo LED Tube Light PD-LFST136-WH,289 m,-,В наличии
Электрическая отвертка Porodo TechFix 97-in-1 PD-GTE970-BK,453 m,-,В наличии
Bluetooth-адаптер Porodo Audio Transmitter Black PD-BTRCV-BK,145 m,-,В наличии
Power Bank Porodo 60000mAh Multi-Device PD-PBFCH079-BK,680 m,-,В наличии
Power Bank Porodo Solar-Powered 20000mAh PDPBAS149BK,556 m,-,В наличии
Power Bank Porodo Gaming Arcadevolt 10000mAh PDPBXH002BK,536 m,-,В наличии
"Детский планшет для рисования Porodo Kids Tracing Book 8.5"" PDLFST082BK",186 m,-,В наличии
Фитнес-браслет Porodo Trackfit Smart Fitness Band PDSB1062BU,330 m,-,В наличии
Детские умные часы Porodo Kids Junicare PDLFST003PK,762 m,-,В наличии
Мини-холодильник Green Lion 22L 65W GNREFG22LBK,2 261 m,2 367 m,В наличии
Геймерское кресло AndaSeat Kaiser Frontier XL Black,4 226 m,4 425 m,В наличии
СЖО Jungle Leopard 360P TK1 ARGB,1 376 m,1 441 m,В наличии
СЖО Deepcool MYSTIQUE 240 ARGB,2 359 m,2 470 m,В наличии
Чемодан дорожный Xiaomi Classic Pro 26 (Black),3 047 m,3 190 m,В наличии
Наушники JBL Live 770NC (Beige),2 058 m,-,В наличии
Утюг Philips Azur DST7051 (Black-Violet),1 553 m,1 626 m,В наличии
Бойлер Tesy 80л (CTV 804415 D07 TR),2 850 m,2 985 m,В наличии
Цифровой телефон Grandstream GHP621 GHP621,905 m,947 m,В наличии
Мини-мойка Ronix RP-U100,1 278 m,1 338 m,В наличии
Мясорубка Vitek VT-3620,1 376 m,1 441 m,В наличии
IP-камера Hikvision DS-2CD2T45G0P-I,1 868 m,1 956 m,В наличии
Мини ПК TEXHOO QN-SE Barebone AMD Ryzen 5 3450U NoRAM NoSSD,3 087 m,-,В наличии
Беговая дорожка Xiaomi KingSmith TRG1F Pro,10 599 m,-,В наличии
Монитор Samsung Essential Monitor S3(S30GD) LS27D300GAMXUE,2 058 m,-,В наличии
Комбинированная плита Skyworth 110л (White),5 557 m,-,В наличии
Видеодомофон Panasonic VL-SA72,3 499 m,-,В наличии
Картридж для плоттера HP T930 (727) Yellow,927 m,-,В наличии
Массажер для шеи и плеч Philips Massage Shawl PPM3201N (Black),1 421 m,-,В наличии
3D принтер ELEGOO Mars 5 Ultra 9K,8 953 m,-,В наличии
Цифровой телефон Grandstream GHP621W GHP621W,1 174 m,-,В наличии
Кухонный комбайн Ardesto KSTM-8041,1 750 m,-,В наличии
Принтер 4 в 1 Epson L14150,9 982 m,-,В наличии
Сканер Epson Workforce DS-1630 EP-B11B239402BB,3 993 m,-,В наличии
Антимоскитная лампа Porodo Lifestyle Mosquito Zapper PD-LFST135-BK,289 m,-,В наличии
Зеркало для макияжа Porodo Lifestyle Hollywood Vanity PD-LFST162-WHRG,906 m,-,В наличии
Зеркало для макияжа Porodo Lifestyle Vanity PD-LFST160-WHRG,433 m,-,В наличии
Портативная лампа Porodo LED Tube Light PD-LFST136-WH,289 m,-,В наличии
Электрическая отвертка Porodo TechFix 97-in-1 PD-GTE970-BK,453 m,-,В наличии
Bluetooth-адаптер Porodo Audio Transmitter Black PD-BTRCV-BK,145 m,-,В наличии
Power Bank Porodo 60000mAh Multi-Device PD-PBFCH079-BK,680 m,-,В наличии
Power Bank Porodo Solar-Powered 20000mAh PDPBAS149BK,556 m,-,В наличии
Power Bank Porodo Gaming Arcadevolt 10000mAh PDPBXH002BK,536 m,-,В наличии
"Детский планшет для рисования Porodo Kids Tracing Book 8.5"" PDLFST082BK",186 m,-,В наличии
Фитнес-браслет Porodo Trackfit Smart Fitness Band PDSB1062BU,330 m,-,В наличии
Детские умные часы Porodo Kids Junicare PDLFST003PK,762 m,-,В наличии
Мини-холодильник Green Lion 22L 65W GNREFG22LBK,2 261 m,2 367 m,В наличии
Геймерское кресло AndaSeat Kaiser Frontier XL Black,4 226 m,4 425 m,В наличии
СЖО Jungle Leopard 360P TK1 ARGB,1 376 m,1 441 m,В наличии
СЖО Deepcool MYSTIQUE 240 ARGB,2 359 m,2 470 m,В наличии
Чемодан дорожный Xiaomi Classic Pro 26 (Black),3 047 m,3 190 m,В наличии
Наушники JBL Live 770NC (Beige),2 058 m,-,В наличии
Утюг Philips Azur DST7051 (Black-Violet),1 553 m,1 626 m,В наличии
Бойлер Tesy 80л (CTV 804415 D07 TR),2 850 m,2 985 m,В наличии
Цифровой телефон Grandstream GHP621 GHP621,905 m,947 m,В наличии
Мини-мойка Ronix RP-U100,1 278 m,1 338 m,В наличии
Мясорубка Vitek VT-3620,1 376 m,1 441 m,В наличии
IP-камера Hikvision DS-2CD2T45G0P-I,1 868 m,1 956 m,В наличии
Мини ПК TEXHOO QN-SE Barebone AMD Ryzen 5 3450U NoRAM NoSSD,3 087 m,-,В наличии
Беговая дорожка Xiaomi KingSmith TRG1F Pro,10 599 m,-,В наличии
Монитор Samsung Essential Monitor S3(S30GD) LS27D300GAMXUE,2 058 m,-,В наличии
Комбинированная плита Skyworth 110л (White),5 557 m,-,В наличии
Видеодомофон Panasonic VL-SA72,3 499 m,-,В наличии
Картридж для плоттера HP T930 (727) Yellow,927 m,-,В наличии
Массажер для шеи и плеч Philips Massage Shawl PPM3201N (Black),1 421 m,-,В наличии
3D принтер ELEGOO Mars 5 Ultra 9K,8 953 m,-,В наличии
Цифровой телефон Grandstream GHP621W GHP621W,1 174 m,-,В наличии
Кухонный комбайн Ardesto KSTM-8041,1 750 m,-,В наличии
Принтер 4 в 1 Epson L14150,9 982 m,-,В наличии
Сканер Epson Workforce DS-1630 EP-B11B239402BB,3 993 m,-,В наличии
Антимоскитная лампа Porodo Lifestyle Mosquito Zapper PD-LFST135-BK,289 m,-,В наличии
Зеркало для макияжа Porodo Lifestyle Hollywood Vanity PD-LFST162-WHRG,906 m,-,В наличии
Зеркало для макияжа Porodo Lifestyle Vanity PD-LFST160-WHRG,433 m,-,В наличии
Портативная лампа Porodo LED Tube Light PD-LFST136-WH,289 m,-,В наличии
Электрическая отвертка Porodo TechFix 97-in-1 PD-GTE970-BK,453 m,-,В наличии
Bluetooth-адаптер Porodo Audio Transmitter Black PD-BTRCV-BK,145 m,-,В наличии
Power Bank Porodo 60000mAh Multi-Device PD-PBFCH079-BK,680 m,-,В наличии
Power Bank Porodo Solar-Powered 20000mAh PDPBAS149BK,556 m,-,В наличии
Power Bank Porodo Gaming Arcadevolt 10000mAh PDPBXH002BK,536 m,-,В наличии
"Детский планшет для рисования Porodo Kids Tracing Book 8.5"" PDLFST082BK",186 m,-,В наличии
Фитнес-браслет Porodo Trackfit Smart Fitness Band PDSB1062BU,330 m,-,В наличии
Детские умные часы Porodo Kids Junicare PDLFST003PK,762 m,-,В наличии
Мини-холодильник Green Lion 22L 65W GNREFG22LBK,2 261 m,2 367 m,В наличии
Геймерское кресло AndaSeat Kaiser Frontier XL Black,4 226 m,4 425 m,В наличии
СЖО Jungle Leopard 360P TK1 ARGB,1 376 m,1 441 m,В наличии
СЖО Deepcool MYSTIQUE 240 ARGB,2 359 m,2 470 m,В наличии
Чемодан дорожный Xiaomi Classic Pro 26 (Black),3 047 m,3 190 m,В наличии
Наушники JBL Live 770NC (Beige),2 058 m,-,В наличии
Утюг Philips Azur DST7051 (Black-Violet),1 553 m,1 626 m,В наличии
Бойлер Tesy 80л (CTV 804415 D07 TR),2 850 m,2 985 m,В наличии
Цифровой телефон Grandstream GHP621 GHP621,905 m,947 m,В наличии
Мини-мойка Ronix RP-U100,1 278 m,1 338 m,В наличии
Мясорубка Vitek VT-3620,1 376 m,1 441 m,В наличии
IP-камера Hikvision DS-2CD2T45G0P-I,1 868 m,1 956 m,В наличии
Мини ПК TEXHOO QN-SE Barebone AMD Ryzen 5 3450U NoRAM NoSSD,3 087 m,-,В наличии
Беговая дорожка Xiaomi KingSmith TRG1F Pro,10 599 m,-,В наличии
Монитор Samsung Essential Monitor S3(S30GD) LS27D300GAMXUE,2 058 m,-,В наличии
Комбинированная плита Skyworth 110л (White),5 557 m,-,В наличии
Видеодомофон Panasonic VL-SA72,3 499 m,-,В наличии
Картридж для плоттера HP T930 (727) Yellow,927 m,-,В наличии
Массажер для шеи и плеч Philips Massage Shawl PPM3201N (Black),1 421 m,-,В наличии
3D принтер ELEGOO Mars 5 Ultra 9K,8 953 m,-,В наличии
Цифровой телефон Grandstream GHP621W GHP621W,1 174 m,-,В наличии
Кухонный комбайн Ardesto KSTM-8041,1 750 m,-,В наличии
Принтер 4 в 1 Epson L14150,9 982 m,-,В наличии
Сканер Epson Workforce DS-1630 EP-B11B239402BB,3 993 m,-,В наличии
Антимоскитная лампа Porodo Lifestyle Mosquito Zapper PD-LFST135-BK,289 m,-,В наличии
Зеркало для макияжа Porodo Lifestyle Hollywood Vanity PD-LFST162-WHRG,906 m,-,В наличии
Зеркало для макияжа Porodo Lifestyle Vanity PD-LFST160-WHRG,433 m,-,В наличии
Портативная лампа Porodo LED Tube Light PD-LFST136-WH,289 m,-,В наличии
Электрическая отвертка Porodo TechFix 97-in-1 PD-GTE970-BK,453 m,-,В наличии
Bluetooth-адаптер Porodo Audio Transmitter Black PD-BTRCV-BK,145 m,-,В наличии
Power Bank Porodo 60000mAh Multi-Device PD-PBFCH079-BK,680 m,-,В наличии
Power Bank Porodo Solar-Powered 20000mAh PDPBAS149BK,556 m,-,В наличии
Power Bank Porodo Gaming Arcadevolt 10000mAh PDPBXH002BK,536 m,-,В наличии
"Детский планшет для рисования Porodo Kids Tracing Book 8.5"" PDLFST082BK",186 m,-,В наличии
Фитнес-браслет Porodo Trackfit Smart Fitness Band PDSB1062BU,330 m,-,В наличии
Детские умные часы Porodo Kids Junicare PDLFST003PK,762 m,-,В наличии
Мини-холодильник Green Lion 22L 65W GNREFG22LBK,2 261 m,2 367 m,В наличии
Геймерское кресло AndaSeat Kaiser Frontier XL Black,4 226 m,4 425 m,В наличии
СЖО Jungle Leopard 360P TK1 ARGB,1 376 m,1 441 m,В наличии
СЖО Deepcool MYSTIQUE 240 ARGB,2 359 m,2 470 m,В наличии
Чемодан дорожный Xiaomi Classic Pro 26 (Black),3 047 m,3 190 m,В наличии
Наушники JBL Live 770NC (Beige),2 058 m,-,В наличии
Утюг Philips Azur DST7051 (Black-Violet),1 553 m,1 626 m,В наличии
Бойлер Tesy 80л (CTV 804415 D07 TR),2 850 m,2 985 m,В наличии
Цифровой телефон Grandstream GHP621 GHP621,905 m,947 m,В наличии
Мини-мойка Ronix RP-U100,1 278 m,1 338 m,В наличии
Мясорубка Vitek VT-3620,1 376 m,1 441 m,В наличии
IP-камера Hikvision DS-2CD2T45G0P-I,1 868 m,1 956 m,В наличии
Мини ПК TEXHOO QN-SE Barebone AMD Ryzen 5 3450U NoRAM NoSSD,3 087 m,-,В наличии
Беговая дорожка Xiaomi KingSmith TRG1F Pro,10 599 m,-,В наличии
Монитор Samsung Essential Monitor S3(S30GD) LS27D300GAMXUE,2 058 m,-,В наличии
Комбинированная плита Skyworth 110л (White),5 557 m,-,В наличии
Видеодомофон Panasonic VL-SA72,3 499 m,-,В наличии
Картридж для плоттера HP T930 (727) Yellow,927 m,-,В наличии
Массажер для шеи и плеч Philips Massage Shawl PPM3201N (Black),1 421 m,-,В наличии
3D принтер ELEGOO Mars 5 Ultra 9K,8 953 m,-,В наличии
Цифровой телефон Grandstream GHP621W GHP621W,1 174 m,-,В наличии
Кухонный комбайн Ardesto KSTM-8041,1 750 m,-,В наличии
Принтер 4 в 1 Epson L14150,9 982 m,-,В наличии
Сканер Epson Workforce DS-1630 EP-B11B239402BB,3 993 m,-,В наличии
Антимоскитная лампа Porodo Lifestyle Mosquito Zapper PD-LFST135-BK,289 m,-,В наличии
Зеркало для макияжа Porodo Lifestyle Hollywood Vanity PD-LFST162-WHRG,906 m,-,В наличии
Зеркало для макияжа Porodo Lifestyle Vanity PD-LFST160-WHRG,433 m,-,В наличии
Портативная лампа Porodo LED Tube Light PD-LFST136-WH,289 m,-,В наличии
Электрическая отвертка Porodo TechFix 97-in-1 PD-GTE970-BK,453 m,-,В наличии
Bluetooth-адаптер Porodo Audio Transmitter Black PD-BTRCV-BK,145 m,-,В наличии
Power Bank Porodo 60000mAh Multi-Device PD-PBFCH079-BK,680 m,-,В наличии
Power Bank Porodo Solar-Powered 20000mAh PDPBAS149BK,556 m,-,В наличии
Power Bank Porodo Gaming Arcadevolt 10000mAh PDPBXH002BK,536 m,-,В наличии
"Детский планшет для рисования Porodo Kids Tracing Book 8.5"" PDLFST082BK",186 m,-,В наличии
Фитнес-браслет Porodo Trackfit Smart Fitness Band PDSB1062BU,330 m,-,В наличии
Детские умные часы Porodo Kids Junicare PDLFST003PK,762 m,-,В наличии
Мини-холодильник Green Lion 22L 65W GNREFG22LBK,2 261 m,2 367 m,В наличии
Геймерское кресло AndaSeat Kaiser Frontier XL Black,4 226 m,4 425 m,В наличии
СЖО Jungle Leopard 360P TK1 ARGB,1 376 m,1 441 m,В наличии
СЖО Deepcool MYSTIQUE 240 ARGB,2 359 m,2 470 m,В наличии
Чемодан дорожный Xiaomi Classic Pro 26 (Black),3 047 m,3 190 m,В наличии
Наушники JBL Live 770NC (Beige),2 058 m,-,В наличии
Утюг Philips Azur DST7051 (Black-Violet),1 553 m,1 626 m,В наличии
Бойлер Tesy 80л (CTV 804415 D07 TR),2 850 m,2 985 m,В наличии
Цифровой телефон Grandstream GHP621 GHP621,905 m,947 m,В наличии
Мини-мойка Ronix RP-U100,1 278 m,1 338 m,В наличии
Мясорубка Vitek VT-3620,1 376 m,1 441 m,В наличии
IP-камера Hikvision DS-2CD2T45G0P-I,1 868 m,1 956 m,В наличии
Мини ПК TEXHOO QN-SE Barebone AMD Ryzen 5 3450U NoRAM NoSSD,3 087 m,-,В наличии
Беговая дорожка Xiaomi KingSmith TRG1F Pro,10 599 m,-,В наличии
Монитор Samsung Essential Monitor S3(S30GD) LS27D300GAMXUE,2 058 m,-,В наличии
Комбинированная плита Skyworth 110л (White),5 557 m,-,В наличии
Видеодомофон Panasonic VL-SA72,3 499 m,-,В наличии
Картридж для плоттера HP T930 (727) Yellow,927 m,-,В наличии
Массажер для шеи и плеч Philips Massage Shawl PPM3201N (Black),1 421 m,-,В наличии
3D принтер ELEGOO Mars 5 Ultra 9K,8 953 m,-,В наличии
Цифровой телефон Grandstream GHP621W GHP621W,1 174 m,-,В наличии
Кухонный комбайн Ardesto KSTM-8041,1 750 m,-,В наличии
Принтер 4 в 1 Epson L14150,9 982 m,-,В наличии
Сканер Epson Workforce DS-1630 EP-B11B239402BB,3 993 m,-,В наличии
Антимоскитная лампа Porodo Lifestyle Mosquito Zapper PD-LFST135-BK,289 m,-,В наличии
Зеркало для макияжа Porodo Lifestyle Hollywood Vanity PD-LFST162-WHRG,906 m,-,В наличии
Зеркало для макияжа Porodo Lifestyle Vanity PD-LFST160-WHRG,433 m,-,В наличии
Портативная лампа Porodo LED Tube Light PD-LFST136-WH,289 m,-,В наличии
Электрическая отвертка Porodo TechFix 97-in-1 PD-GTE970-BK,453 m,-,В наличии
Bluetooth-адаптер Porodo Audio Transmitter Black PD-BTRCV-BK,145 m,-,В наличии
Power Bank Porodo 60000mAh Multi-Device PD-PBFCH079-BK,680 m,-,В наличии
Power Bank Porodo Solar-Powered 20000mAh PDPBAS149BK,556 m,-,В наличии
Power Bank Porodo Gaming Arcadevolt 10000mAh PDPBXH002BK,536 m,-,В наличии
"Детский планшет для рисования Porodo Kids Tracing Book 8.5"" PDLFST082BK",186 m,-,В наличии
Фитнес-браслет Porodo Trackfit Smart Fitness Band PDSB1062BU,330 m,-,В наличии
Детские умные часы Porodo Kids Junicare PDLFST003PK,762 m,-,В наличии
Мини-холодильник Green Lion 22L 65W GNREFG22LBK,2 261 m,2 367 m,В наличии
Геймерское кресло AndaSeat Kaiser Frontier XL Black,4 226 m,4 425 m,В наличии
СЖО Jungle Leopard 360P TK1 ARGB,1 376 m,1 441 m,В наличии
СЖО Deepcool MYSTIQUE 240 ARGB,2 359 m,2 470 m,В наличии
Чемодан дорожный Xiaomi Classic Pro 26 (Black),3 047 m,3 190 m,В наличии
Наушники JBL Live 770NC (Beige),2 058 m,-,В наличии
Утюг Philips Azur DST7051 (Black-Violet),1 553 m,1 626 m,В наличии
Бойлер Tesy 80л (CTV 804415 D07 TR),2 850 m,2 985 m,В наличии
Цифровой телефон Grandstream GHP621 GHP621,905 m,947 m,В наличии
Мини-мойка Ronix RP-U100,1 278 m,1 338 m,В наличии
Мясорубка Vitek VT-3620,1 376 m,1 441 m,В наличии
IP-камера Hikvision DS-2CD2T45G0P-I,1 868 m,1 956 m,В наличии
Мини ПК TEXHOO QN-SE Barebone AMD Ryzen 5 3450U NoRAM NoSSD,3 087 m,-,В наличии
Беговая дорожка Xiaomi KingSmith TRG1F Pro,10 599 m,-,В наличии
Монитор Samsung Essential Monitor S3(S30GD) LS27D300GAMXUE,2 058 m,-,В наличии
Комбинированная плита Skyworth 110л (White),5 557 m,-,В наличии
Видеодомофон Panasonic VL-SA72,3 499 m,-,В наличии
Картридж для плоттера HP T930 (727) Yellow,927 m,-,В наличии
Массажер для шеи и плеч Philips Massage Shawl PPM3201N (Black),1 421 m,-,В наличии
3D принтер ELEGOO Mars 5 Ultra 9K,8 953 m,-,В наличии
Цифровой телефон Grandstream GHP621W GHP621W,1 174 m,-,В наличии
Кухонный комбайн Ardesto KSTM-8041,1 750 m,-,В наличии
Принтер 4 в 1 Epson L14150,9 982 m,-,В наличии
Сканер Epson Workforce DS-1630 EP-B11B239402BB,3 993 m,-,В наличии
Антимоскитная лампа Porodo Lifestyle Mosquito Zapper PD-LFST135-BK,289 m,-,В наличии
Зеркало для макияжа Porodo Lifestyle Hollywood Vanity PD-LFST162-WHRG,906 m,-,В наличии
Зеркало для макияжа Porodo Lifestyle Vanity PD-LFST160-WHRG,433 m,-,В наличии
Портативная лампа Porodo LED Tube Light PD-LFST136-WH,289 m,-,В наличии
Электрическая отвертка Porodo TechFix 97-in-1 PD-GTE970-BK,453 m,-,В наличии
Bluetooth-адаптер Porodo Audio Transmitter Black PD-BTRCV-BK,145 m,-,В наличии
Power Bank Porodo 60000mAh Multi-Device PD-PBFCH079-BK,680 m,-,В наличии
Power Bank Porodo Solar-Powered 20000mAh PDPBAS149BK,556 m,-,В наличии
Power Bank Porodo Gaming Arcadevolt 10000mAh PDPBXH002BK,536 m,-,В наличии
"Детский планшет для рисования Porodo Kids Tracing Book 8.5"" PDLFST082BK",186 m,-,В наличии
Фитнес-браслет Porodo Trackfit Smart Fitness Band PDSB1062BU,330 m,-,В наличии
Детские умные часы Porodo Kids Junicare PDLFST003PK,762 m,-,В наличии
Мини-холодильник Green Lion 22L 65W GNREFG22LBK,2 261 m,2 367 m,В наличии
Геймерское кресло AndaSeat Kaiser Frontier XL Black,4 226 m,4 425 m,В наличии
СЖО Jungle Leopard 360P TK1 ARGB,1 376 m,1 441 m,В наличии
СЖО Deepcool MYSTIQUE 240 ARGB,2 359 m,2 470 m,В наличии
Чемодан дорожный Xiaomi Classic Pro 26 (Black),3 047 m,3 190 m,В наличии
Наушники JBL Live 770NC (Beige),2 058 m,-,В наличии
Утюг Philips Azur DST7051 (Black-Violet),1 553 m,1 626 m,В наличии
Бойлер Tesy 80л (CTV 804415 D07 TR),2 850 m,2 985 m,В наличии
Цифровой телефон Grandstream GHP621 GHP621,905 m,947 m,В наличии
Мини-мойка Ronix RP-U100,1 278 m,1 338 m,В наличии
Мясорубка Vitek VT-3620,1 376 m,1 441 m,В наличии
IP-камера Hikvision DS-2CD2T45G0P-I,1 868 m,1 956 m,В наличии
Мини ПК TEXHOO QN-SE Barebone AMD Ryzen 5 3450U NoRAM NoSSD,3 087 m,-,В наличии
Беговая дорожка Xiaomi KingSmith TRG1F Pro,10 599 m,-,В наличии
Монитор Samsung Essential Monitor S3(S30GD) LS27D300GAMXUE,2 058 m,-,В наличии
Комбинированная плита Skyworth 110л (White),5 557 m,-,В наличии
Видеодомофон Panasonic VL-SA72,3 499 m,-,В наличии
Картридж для плоттера HP T930 (727) Yellow,927 m,-,В наличии
Массажер для шеи и плеч Philips Massage Shawl PPM3201N (Black),1 421 m,-,В наличии
3D принтер ELEGOO Mars 5 Ultra 9K,8 953 m,-,В наличии
Цифровой телефон Grandstream GHP621W GHP621W,1 174 m,-,В наличии
Кухонный комбайн Ardesto KSTM-8041,1 750 m,-,В наличии
Принтер 4 в 1 Epson L14150,9 982 m,-,В наличии
Сканер Epson Workforce DS-1630 EP-B11B239402BB,3 993 m,-,В наличии
Антимоскитная лампа Porodo Lifestyle Mosquito Zapper PD-LFST135-BK,289 m,-,В наличии
Зеркало для макияжа Porodo Lifestyle Hollywood Vanity PD-LFST162-WHRG,906 m,-,В наличии
Зеркало для макияжа Porodo Lifestyle Vanity PD-LFST160-WHRG,433 m,-,В наличии
Портативная лампа Porodo LED Tube Light PD-LFST136-WH,289 m,-,В наличии
Электрическая отвертка Porodo TechFix 97-in-1 PD-GTE970-BK,453 m,-,В наличии
Bluetooth-адаптер Porodo Audio Transmitter Black PD-BTRCV-BK,145 m,-,В наличии
Power Bank Porodo 60000mAh Multi-Device PD-PBFCH079-BK,680 m,-,В наличии
Power Bank Porodo Solar-Powered 20000mAh PDPBAS149BK,556 m,-,В наличии
Power Bank Porodo Gaming Arcadevolt 10000mAh PDPBXH002BK,536 m,-,В наличии
"Детский планшет для рисования Porodo Kids Tracing Book 8.5"" PDLFST082BK",186 m,-,В наличии
Фитнес-браслет Porodo Trackfit Smart Fitness Band PDSB1062BU,330 m,-,В наличии
Детские умные часы Porodo Kids Junicare PDLFST003PK,762 m,-,В наличии
Мини-холодильник Green Lion 22L 65W GNREFG22LBK,2 261 m,2 367 m,В наличии
Геймерское кресло AndaSeat Kaiser Frontier XL Black,4 226 m,4 425 m,В наличии
СЖО Jungle Leopard 360P TK1 ARGB,1 376 m,1 441 m,В наличии
СЖО Deepcool MYSTIQUE 240 ARGB,2 359 m,2 470 m,В наличии
Чемодан дорожный Xiaomi Classic Pro 26 (Black),3 047 m,3 190 m,В наличии
Наушники JBL Live 770NC (Beige),2 058 m,-,В наличии
Утюг Philips Azur DST7051 (Black-Violet),1 553 m,1 626 m,В наличии
Бойлер Tesy 80л (CTV 804415 D07 TR),2 850 m,2 985 m,В наличии
Цифровой телефон Grandstream GHP621 GHP621,905 m,947 m,В наличии
Мини-мойка Ronix RP-U100,1 278 m,1 338 m,В наличии
Мясорубка Vitek VT-3620,1 376 m,1 441 m,В наличии
IP-камера Hikvision DS-2CD2T45G0P-I,1 868 m,1 956 m,В наличии
Мини ПК TEXHOO QN-SE Barebone AMD Ryzen 5 3450U NoRAM NoSSD,3 087 m,-,В наличии
Беговая дорожка Xiaomi KingSmith TRG1F Pro,10 599 m,-,В наличии
Монитор Samsung Essential Monitor S3(S30GD) LS27D300GAMXUE,2 058 m,-,В наличии
Комбинированная плита Skyworth 110л (White),5 557 m,-,В наличии
Видеодомофон Panasonic VL-SA72,3 499 m,-,В наличии
Картридж для плоттера HP T930 (727) Yellow,927 m,-,В наличии
Массажер для шеи и плеч Philips Massage Shawl PPM3201N (Black),1 421 m,-,В наличии
3D принтер ELEGOO Mars 5 Ultra 9K,8 953 m,-,В наличии
Цифровой телефон Grandstream GHP621W GHP621W,1 174 m,-,В наличии
Кухонный комбайн Ardesto KSTM-8041,1 750 m,-,В наличии
Принтер 4 в 1 Epson L14150,9 982 m,-,В наличии
Сканер Epson Workforce DS-1630 EP-B11B239402BB,3 993 m,-,В наличии
Антимоскитная лампа Porodo Lifestyle Mosquito Zapper PD-LFST135-BK,289 m,-,В наличии
Зеркало для макияжа Porodo Lifestyle Hollywood Vanity PD-LFST162-WHRG,906 m,-,В наличии
Зеркало для макияжа Porodo Lifestyle Vanity PD-LFST160-WHRG,433 m,-,В наличии
Портативная лампа Porodo LED Tube Light PD-LFST136-WH,289 m,-,В наличии
Электрическая отвертка Porodo TechFix 97-in-1 PD-GTE970-BK,453 m,-,В наличии
Bluetooth-адаптер Porodo Audio Transmitter Black PD-BTRCV-BK,145 m,-,В наличии
Power Bank Porodo 60000mAh Multi-Device PD-PBFCH079-BK,680 m,-,В наличии
Power Bank Porodo Solar-Powered 20000mAh PDPBAS149BK,556 m,-,В наличии
Power Bank Porodo Gaming Arcadevolt 10000mAh PDPBXH002BK,536 m,-,В наличии
"Детский планшет для рисования Porodo Kids Tracing Book 8.5"" PDLFST082BK",186 m,-,В наличии
Фитнес-браслет Porodo Trackfit Smart Fitness Band PDSB1062BU,330 m,-,В наличии
Детские умные часы Porodo Kids Junicare PDLFST003PK,762 m,-,В наличии
Мини-холодильник Green Lion 22L 65W GNREFG22LBK,2 261 m,2 367 m,В наличии
Геймерское кресло AndaSeat Kaiser Frontier XL Black,4 226 m,4 425 m,В наличии
СЖО Jungle Leopard 360P TK1 ARGB,1 376 m,1 441 m,В наличии
СЖО Deepcool MYSTIQUE 240 ARGB,2 359 m,2 470 m,В наличии
Чемодан дорожный Xiaomi Classic Pro 26 (Black),3 047 m,3 190 m,В наличии
Наушники JBL Live 770NC (Beige),2 058 m,-,В наличии
Утюг Philips Azur DST7051 (Black-Violet),1 553 m,1 626 m,В наличии
Бойлер Tesy 80л (CTV 804415 D07 TR),2 850 m,2 985 m,В наличии
Цифровой телефон Grandstream GHP621 GHP621,905 m,947 m,В наличии
Мини-мойка Ronix RP-U100,1 278 m,1 338 m,В наличии
Мясорубка Vitek VT-3620,1 376 m,1 441 m,В наличии
IP-камера Hikvision DS-2CD2T45G0P-I,1 868 m,1 956 m,В наличии
Мини ПК TEXHOO QN-SE Barebone AMD Ryzen 5 3450U NoRAM NoSSD,3 087 m,-,В наличии
Беговая дорожка Xiaomi KingSmith TRG1F Pro,10 599 m,-,В наличии
Монитор Samsung Essential Monitor S3(S30GD) LS27D300GAMXUE,2 058 m,-,В наличии
Комбинированная плита Skyworth 110л (White),5 557 m,-,В наличии
Видеодомофон Panasonic VL-SA72,3 499 m,-,В наличии
Картридж для плоттера HP T930 (727) Yellow,927 m,-,В наличии
Массажер для шеи и плеч Philips Massage Shawl PPM3201N (Black),1 421 m,-,В наличии
3D принтер ELEGOO Mars 5 Ultra 9K,8 953 m,-,В наличии
Цифровой телефон Grandstream GHP621W GHP621W,1 174 m,-,В наличии
Кухонный комбайн Ardesto KSTM-8041,1 750 m,-,В наличии
Принтер 4 в 1 Epson L14150,9 982 m,-,В наличии
Сканер Epson Workforce DS-1630 EP-B11B239402BB,3 993 m,-,В наличии
Антимоскитная лампа Porodo Lifestyle Mosquito Zapper PD-LFST135-BK,289 m,-,В наличии
Зеркало для макияжа Porodo Lifestyle Hollywood Vanity PD-LFST162-WHRG,906 m,-,В наличии
Зеркало для макияжа Porodo Lifestyle Vanity PD-LFST160-WHRG,433 m,-,В наличии
Портативная лампа Porodo LED Tube Light PD-LFST136-WH,289 m,-,В наличии
Электрическая отвертка Porodo TechFix 97-in-1 PD-GTE970-BK,453 m,-,В наличии
Bluetooth-адаптер Porodo Audio Transmitter Black PD-BTRCV-BK,145 m,-,В наличии
Power Bank Porodo 60000mAh Multi-Device PD-PBFCH079-BK,680 m,-,В наличии
Power Bank Porodo Solar-Powered 20000mAh PDPBAS149BK,556 m,-,В наличии
Power Bank Porodo Gaming Arcadevolt 10000mAh PDPBXH002BK,536 m,-,В наличии
"Детский планшет для рисования Porodo Kids Tracing Book 8.5"" PDLFST082BK",186 m,-,В наличии
Фитнес-браслет Porodo Trackfit Smart Fitness Band PDSB1062BU,330 m,-,В наличии
Детские умные часы Porodo Kids Junicare PDLFST003PK,762 m,-,В наличии
Мини-холодильник Green Lion 22L 65W GNREFG22LBK,2 261 m,2 367 m,В наличии
Геймерское кресло AndaSeat Kaiser Frontier XL Black,4 226 m,4 425 m,В наличии
СЖО Jungle Leopard 360P TK1 ARGB,1 376 m,1 441 m,В наличии
СЖО Deepcool MYSTIQUE 240 ARGB,2 359 m,2 470 m,В наличии
Чемодан дорожный Xiaomi Classic Pro 26 (Black),3 047 m,3 190 m,В наличии
Наушники JBL Live 770NC (Beige),2 058 m,-,В наличии
Утюг Philips Azur DST7051 (Black-Violet),1 553 m,1 626 m,В наличии
Бойлер Tesy 80л (CTV 804415 D07 TR),2 850 m,2 985 m,В наличии
Цифровой телефон Grandstream GHP621 GHP621,905 m,947 m,В наличии
Мини-мойка Ronix RP-U100,1 278 m,1 338 m,В наличии
Мясорубка Vitek VT-3620,1 376 m,1 441 m,В наличии
IP-камера Hikvision DS-2CD2T45G0P-I,1 868 m,1 956 m,В наличии
Мини ПК TEXHOO QN-SE Barebone AMD Ryzen 5 3450U NoRAM NoSSD,3 087 m,-,В наличии
Беговая дорожка Xiaomi KingSmith TRG1F Pro,10 599 m,-,В наличии
Монитор Samsung Essential Monitor S3(S30GD) LS27D300GAMXUE,2 058 m,-,В наличии
Комбинированная плита Skyworth 110л (White),5 557 m,-,В наличии
Видеодомофон Panasonic VL-SA72,3 499 m,-,В наличии
Картридж для плоттера HP T930 (727) Yellow,927 m,-,В наличии
Массажер для шеи и плеч Philips Massage Shawl PPM3201N (Black),1 421 m,-,В наличии
3D принтер ELEGOO Mars 5 Ultra 9K,8 953 m,-,В наличии
Цифровой телефон Grandstream GHP621W GHP621W,1 174 m,-,В наличии
Кухонный комбайн Ardesto KSTM-8041,1 750 m,-,В наличии
Принтер 4 в 1 Epson L14150,9 982 m,-,В наличии
Сканер Epson Workforce DS-1630 EP-B11B239402BB,3 993 m,-,В наличии
Антимоскитная лампа Porodo Lifestyle Mosquito Zapper PD-LFST135-BK,289 m,-,В наличии
Зеркало для макияжа Porodo Lifestyle Hollywood Vanity PD-LFST162-WHRG,906 m,-,В наличии
Зеркало для макияжа Porodo Lifestyle Vanity PD-LFST160-WHRG,433 m,-,В наличии
Портативная лампа Porodo LED Tube Light PD-LFST136-WH,289 m,-,В наличии
Электрическая отвертка Porodo TechFix 97-in-1 PD-GTE970-BK,453 m,-,В наличии
Bluetooth-адаптер Porodo Audio Transmitter Black PD-BTRCV-BK,145 m,-,В наличии
Power Bank Porodo 60000mAh Multi-Device PD-PBFCH079-BK,680 m,-,В наличии
Power Bank Porodo Solar-Powered 20000mAh PDPBAS149BK,556 m,-,В наличии
Power Bank Porodo Gaming Arcadevolt 10000mAh PDPBXH002BK,536 m,-,В наличии
"Детский планшет для рисования Porodo Kids Tracing Book 8.5"" PDLFST082BK",186 m,-,В наличии
Фитнес-браслет Porodo Trackfit Smart Fitness Band PDSB1062BU,330 m,-,В наличии
Детские умные часы Porodo Kids Junicare PDLFST003PK,762 m,-,В наличии
Мини-холодильник Green Lion 22L 65W GNREFG22LBK,2 261 m,2 367 m,В наличии
Геймерское кресло AndaSeat Kaiser Frontier XL Black,4 226 m,4 425 m,В наличии
СЖО Jungle Leopard 360P TK1 ARGB,1 376 m,1 441 m,В наличии
СЖО Deepcool MYSTIQUE 240 ARGB,2 359 m,2 470 m,В наличии
Чемодан дорожный Xiaomi Classic Pro 26 (Black),3 047 m,3 190 m,В наличии
Наушники JBL Live 770NC (Beige),2 058 m,-,В наличии
Утюг Philips Azur DST7051 (Black-Violet),1 553 m,1 626 m,В наличии
Бойлер Tesy 80л (CTV 804415 D07 TR),2 850 m,2 985 m,В наличии
Цифровой телефон Grandstream GHP621 GHP621,905 m,947 m,В наличии
Мини-мойка Ronix RP-U100,1 278 m,1 338 m,В наличии
Мясорубка Vitek VT-3620,1 376 m,1 441 m,В наличии
IP-камера Hikvision DS-2CD2T45G0P-I,1 868 m,1 956 m,В наличии
Мини ПК TEXHOO QN-SE Barebone AMD Ryzen 5 3450U NoRAM NoSSD,3 087 m,-,В наличии
Беговая дорожка Xiaomi KingSmith TRG1F Pro,10 599 m,-,В наличии
Монитор Samsung Essential Monitor S3(S30GD) LS27D300GAMXUE,2 058 m,-,В наличии
Комбинированная плита Skyworth 110л (White),5 557 m,-,В наличии
Видеодомофон Panasonic VL-SA72,3 499 m,-,В наличии
Картридж для плоттера HP T930 (727) Yellow,927 m,-,В наличии
Массажер для шеи и плеч Philips Massage Shawl PPM3201N (Black),1 421 m,-,В наличии
3D принтер ELEGOO Mars 5 Ultra 9K,8 953 m,-,В наличии
Цифровой телефон Grandstream GHP621W GHP621W,1 174 m,-,В наличии
Кухонный комбайн Ardesto KSTM-8041,1 750 m,-,В наличии
Принтер 4 в 1 Epson L14150,9 982 m,-,В наличии
Сканер Epson Workforce DS-1630 EP-B11B239402BB,3 993 m,-,В наличии
Антимоскитная лампа Porodo Lifestyle Mosquito Zapper PD-LFST135-BK,289 m,-,В наличии
Зеркало для макияжа Porodo Lifestyle Hollywood Vanity PD-LFST162-WHRG,906 m,-,В наличии
Зеркало для макияжа Porodo Lifestyle Vanity PD-LFST160-WHRG,433 m,-,В наличии
Портативная лампа Porodo LED Tube Light PD-LFST136-WH,289 m,-,В наличии
Электрическая отвертка Porodo TechFix 97-in-1 PD-GTE970-BK,453 m,-,В наличии
Bluetooth-адаптер Porodo Audio Transmitter Black PD-BTRCV-BK,145 m,-,В наличии
Power Bank Porodo 60000mAh Multi-Device PD-PBFCH079-BK,680 m,-,В наличии
Power Bank Porodo Solar-Powered 20000mAh PDPBAS149BK,556 m,-,В наличии
Power Bank Porodo Gaming Arcadevolt 10000mAh PDPBXH002BK,536 m,-,В наличии
"Детский планшет для рисования Porodo Kids Tracing Book 8.5"" PDLFST082BK",186 m,-,В наличии
Фитнес-браслет Porodo Trackfit Smart Fitness Band PDSB1062BU,330 m,-,В наличии
Детские умные часы Porodo Kids Junicare PDLFST003PK,762 m,-,В наличии
Мини-холодильник Green Lion 22L 65W GNREFG22LBK,2 261 m,2 367 m,В наличии
Геймерское кресло AndaSeat Kaiser Frontier XL Black,4 226 m,4 425 m,В наличии
СЖО Jungle Leopard 360P TK1 ARGB,1 376 m,1 441 m,В наличии
СЖО Deepcool MYSTIQUE 240 ARGB,2 359 m,2 470 m,В наличии
Чемодан дорожный Xiaomi Classic Pro 26 (Black),3 047 m,3 190 m,В наличии
Наушники JBL Live 770NC (Beige),2 058 m,-,В наличии
Утюг Philips Azur DST7051 (Black-Violet),1 553 m,1 626 m,В наличии
Бойлер Tesy 80л (CTV 804415 D07 TR),2 850 m,2 985 m,В наличии
Цифровой телефон Grandstream GHP621 GHP621,905 m,947 m,В наличии
Мини-мойка Ronix RP-U100,1 278 m,1 338 m,В наличии
Мясорубка Vitek VT-3620,1 376 m,1 441 m,В наличии
IP-камера Hikvision DS-2CD2T45G0P-I,1 868 m,1 956 m,В наличии
Мини ПК TEXHOO QN-SE Barebone AMD Ryzen 5 3450U NoRAM NoSSD,3 087 m,-,В наличии
Беговая дорожка Xiaomi KingSmith TRG1F Pro,10 599 m,-,В наличии
Монитор Samsung Essential Monitor S3(S30GD) LS27D300GAMXUE,2 058 m,-,В наличии
Комбинированная плита Skyworth 110л (White),5 557 m,-,В наличии
Видеодомофон Panasonic VL-SA72,3 499 m,-,В наличии
Картридж для плоттера HP T930 (727) Yellow,927 m,-,В наличии
Массажер для шеи и плеч Philips Massage Shawl PPM3201N (Black),1 421 m,-,В наличии
3D принтер ELEGOO Mars 5 Ultra 9K,8 953 m,-,В наличии
Цифровой телефон Grandstream GHP621W GHP621W,1 174 m,-,В наличии
Кухонный комбайн Ardesto KSTM-8041,1 750 m,-,В наличии
Принтер 4 в 1 Epson L14150,9 982 m,-,В наличии
Сканер Epson Workforce DS-1630 EP-B11B239402BB,3 993 m,-,В наличии
Антимоскитная лампа Porodo Lifestyle Mosquito Zapper PD-LFST135-BK,289 m,-,В наличии
Зеркало для макияжа Porodo Lifestyle Hollywood Vanity PD-LFST162-WHRG,906 m,-,В наличии
Зеркало для макияжа Porodo Lifestyle Vanity PD-LFST160-WHRG,433 m,-,В наличии
Портативная лампа Porodo LED Tube Light PD-LFST136-WH,289 m,-,В наличии
Электрическая отвертка Porodo TechFix 97-in-1 PD-GTE970-BK,453 m,-,В наличии
Bluetooth-адаптер Porodo Audio Transmitter Black PD-BTRCV-BK,145 m,-,В наличии
Power Bank Porodo 60000mAh Multi-Device PD-PBFCH079-BK,680 m,-,В наличии
Power Bank Porodo Solar-Powered 20000mAh PDPBAS149BK,556 m,-,В наличии
Power Bank Porodo Gaming Arcadevolt 10000mAh PDPBXH002BK,536 m,-,В наличии
"Детский планшет для рисования Porodo Kids Tracing Book 8.5"" PDLFST082BK",186 m,-,В наличии
Фитнес-браслет Porodo Trackfit Smart Fitness Band PDSB1062BU,330 m,-,В наличии
Детские умные часы Porodo Kids Junicare PDLFST003PK,762 m,-,В наличии
Мини-холодильник Green Lion 22L 65W GNREFG22LBK,2 261 m,2 367 m,В наличии
Геймерское кресло AndaSeat Kaiser Frontier XL Black,4 226 m,4 425 m,В наличии
СЖО Jungle Leopard 360P TK1 ARGB,1 376 m,1 441 m,В наличии
СЖО Deepcool MYSTIQUE 240 ARGB,2 359 m,2 470 m,В наличии
Чемодан дорожный Xiaomi Classic Pro 26 (Black),3 047 m,3 190 m,В наличии
Наушники JBL Live 770NC (Beige),2 058 m,-,В наличии
Утюг Philips Azur DST7051 (Black-Violet),1 553 m,1 626 m,В наличии
Бойлер Tesy 80л (CTV 804415 D07 TR),2 850 m,2 985 m,В наличии
Цифровой телефон Grandstream GHP621 GHP621,905 m,947 m,В наличии
Мини-мойка Ronix RP-U100,1 278 m,1 338 m,В наличии
Мясорубка Vitek VT-3620,1 376 m,1 441 m,В наличии
IP-камера Hikvision DS-2CD2T45G0P-I,1 868 m,1 956 m,В наличии
Мини ПК TEXHOO QN-SE Barebone AMD Ryzen 5 3450U NoRAM NoSSD,3 087 m,-,В наличии
Беговая дорожка Xiaomi KingSmith TRG1F Pro,10 599 m,-,В наличии
Монитор Samsung Essential Monitor S3(S30GD) LS27D300GAMXUE,2 058 m,-,В наличии
Комбинированная плита Skyworth 110л (White),5 557 m,-,В наличии
Видеодомофон Panasonic VL-SA72,3 499 m,-,В наличии
Картридж для плоттера HP T930 (727) Yellow,927 m,-,В наличии
Массажер для шеи и плеч Philips Massage Shawl PPM3201N (Black),1 421 m,-,В наличии
3D принтер ELEGOO Mars 5 Ultra 9K,8 953 m,-,В наличии
Цифровой телефон Grandstream GHP621W GHP621W,1 174 m,-,В наличии
Кухонный комбайн Ardesto KSTM-8041,1 750 m,-,В наличии
Принтер 4 в 1 Epson L14150,9 982 m,-,В наличии
Сканер Epson Workforce DS-1630 EP-B11B239402BB,3 993 m,-,В наличии
Антимоскитная лампа Porodo Lifestyle Mosquito Zapper PD-LFST135-BK,289 m,-,В наличии
Зеркало для макияжа Porodo Lifestyle Hollywood Vanity PD-LFST162-WHRG,906 m,-,В наличии
Зеркало для макияжа Porodo Lifestyle Vanity PD-LFST160-WHRG,433 m,-,В наличии
Портативная лампа Porodo LED Tube Light PD-LFST136-WH,289 m,-,В наличии
Электрическая отвертка Porodo TechFix 97-in-1 PD-GTE970-BK,453 m,-,В наличии
Bluetooth-адаптер Porodo Audio Transmitter Black PD-BTRCV-BK,145 m,-,В наличии
Power Bank Porodo 60000mAh Multi-Device PD-PBFCH079-BK,680 m,-,В наличии
Power Bank Porodo Solar-Powered 20000mAh PDPBAS149BK,556 m,-,В наличии
Power Bank Porodo Gaming Arcadevolt 10000mAh PDPBXH002BK,536 m,-,В наличии
"Детский планшет для рисования Porodo Kids Tracing Book 8.5"" PDLFST082BK",186 m,-,В наличии
Фитнес-браслет Porodo Trackfit Smart Fitness Band PDSB1062BU,330 m,-,В наличии
Детские умные часы Porodo Kids Junicare PDLFST003PK,762 m,-,В наличии
Мини-холодильник Green Lion 22L 65W GNREFG22LBK,2 261 m,2 367 m,В наличии
Геймерское кресло AndaSeat Kaiser Frontier XL Black,4 226 m,4 425 m,В наличии
СЖО Jungle Leopard 360P TK1 ARGB,1 376 m,1 441 m,В наличии
СЖО Deepcool MYSTIQUE 240 ARGB,2 359 m,2 470 m,В наличии
Чемодан дорожный Xiaomi Classic Pro 26 (Black),3 047 m,3 190 m,В наличии
Наушники JBL Live 770NC (Beige),2 058 m,-,В наличии
Утюг Philips Azur DST7051 (Black-Violet),1 553 m,1 626 m,В наличии
Бойлер Tesy 80л (CTV 804415 D07 TR),2 850 m,2 985 m,В наличии
Цифровой телефон Grandstream GHP621 GHP621,905 m,947 m,В наличии
Мини-мойка Ronix RP-U100,1 278 m,1 338 m,В наличии
Мясорубка Vitek VT-3620,1 376 m,1 441 m,В наличии
IP-камера Hikvision DS-2CD2T45G0P-I,1 868 m,1 956 m,В наличии
Мини ПК TEXHOO QN-SE Barebone AMD Ryzen 5 3450U NoRAM NoSSD,3 087 m,-,В наличии
Беговая дорожка Xiaomi KingSmith TRG1F Pro,10 599 m,-,В наличии
Монитор Samsung Essential Monitor S3(S30GD) LS27D300GAMXUE,2 058 m,-,В наличии
Комбинированная плита Skyworth 110л (White),5 557 m,-,В наличии
Видеодомофон Panasonic VL-SA72,3 499 m,-,В наличии
Картридж для плоттера HP T930 (727) Yellow,927 m,-,В наличии
Массажер для шеи и плеч Philips Massage Shawl PPM3201N (Black),1 421 m,-,В наличии
3D принтер ELEGOO Mars 5 Ultra 9K,8 953 m,-,В наличии
Цифровой телефон Grandstream GHP621W GHP621W,1 174 m,-,В наличии
Кухонный комбайн Ardesto KSTM-8041,1 750 m,-,В наличии
Принтер 4 в 1 Epson L14150,9 982 m,-,В наличии
Сканер Epson Workforce DS-1630 EP-B11B239402BB,3 993 m,-,В наличии
Антимоскитная лампа Porodo Lifestyle Mosquito Zapper PD-LFST135-BK,289 m,-,В наличии
Зеркало для макияжа Porodo Lifestyle Hollywood Vanity PD-LFST162-WHRG,906 m,-,В наличии
Зеркало для макияжа Porodo Lifestyle Vanity PD-LFST160-WHRG,433 m,-,В наличии
Портативная лампа Porodo LED Tube Light PD-LFST136-WH,289 m,-,В наличии
Электрическая отвертка Porodo TechFix 97-in-1 PD-GTE970-BK,453 m,-,В наличии
Bluetooth-адаптер Porodo Audio Transmitter Black PD-BTRCV-BK,145 m,-,В наличии
Power Bank Porodo 60000mAh Multi-Device PD-PBFCH079-BK,680 m,-,В наличии
Power Bank Porodo Solar-Powered 20000mAh PDPBAS149BK,556 m,-,В наличии
Power Bank Porodo Gaming Arcadevolt 10000mAh PDPBXH002BK,536 m,-,В наличии
"Детский планшет для рисования Porodo Kids Tracing Book 8.5"" PDLFST082BK",186 m,-,В наличии
Фитнес-браслет Porodo Trackfit Smart Fitness Band PDSB1062BU,330 m,-,В наличии
Детские умные часы Porodo Kids Junicare PDLFST003PK,762 m,-,В наличии
Мини-холодильник Green Lion 22L 65W GNREFG22LBK,2 261 m,2 367 m,В наличии
Геймерское кресло AndaSeat Kaiser Frontier XL Black,4 226 m,4 425 m,В наличии
СЖО Jungle Leopard 360P TK1 ARGB,1 376 m,1 441 m,В наличии
СЖО Deepcool MYSTIQUE 240 ARGB,2 359 m,2 470 m,В наличии
Чемодан дорожный Xiaomi Classic Pro 26 (Black),3 047 m,3 190 m,В наличии
Наушники JBL Live 770NC (Beige),2 058 m,-,В наличии
Утюг Philips Azur DST7051 (Black-Violet),1 553 m,1 626 m,В наличии
Бойлер Tesy 80л (CTV 804415 D07 TR),2 850 m,2 985 m,В наличии
Цифровой телефон Grandstream GHP621 GHP621,905 m,947 m,В наличии
Мини-мойка Ronix RP-U100,1 278 m,1 338 m,В наличии
Мясорубка Vitek VT-3620,1 376 m,1 441 m,В наличии
IP-камера Hikvision DS-2CD2T45G0P-I,1 868 m,1 956 m,В наличии
Мини ПК TEXHOO QN-SE Barebone AMD Ryzen 5 3450U NoRAM NoSSD,3 087 m,-,В наличии
Беговая дорожка Xiaomi KingSmith TRG1F Pro,10 599 m,-,В наличии
Монитор Samsung Essential Monitor S3(S30GD) LS27D300GAMXUE,2 058 m,-,В наличии
Комбинированная плита Skyworth 110л (White),5 557 m,-,В наличии
Видеодомофон Panasonic VL-SA72,3 499 m,-,В наличии
Картридж для плоттера HP T930 (727) Yellow,927 m,-,В наличии
Массажер для шеи и плеч Philips Massage Shawl PPM3201N (Black),1 421 m,-,В наличии
3D принтер ELEGOO Mars 5 Ultra 9K,8 953 m,-,В наличии
Цифровой телефон Grandstream GHP621W GHP621W,1 174 m,-,В наличии
Кухонный комбайн Ardesto KSTM-8041,1 750 m,-,В наличии
Принтер 4 в 1 Epson L14150,9 982 m,-,В наличии
Сканер Epson Workforce DS-1630 EP-B11B239402BB,3 993 m,-,В наличии
Антимоскитная лампа Porodo Lifestyle Mosquito Zapper PD-LFST135-BK,289 m,-,В наличии
Зеркало для макияжа Porodo Lifestyle Hollywood Vanity PD-LFST162-WHRG,906 m,-,В наличии
Зеркало для макияжа Porodo Lifestyle Vanity PD-LFST160-WHRG,433 m,-,В наличии
Портативная лампа Porodo LED Tube Light PD-LFST136-WH,289 m,-,В наличии
Электрическая отвертка Porodo TechFix 97-in-1 PD-GTE970-BK,453 m,-,В наличии
Bluetooth-адаптер Porodo Audio Transmitter Black PD-BTRCV-BK,145 m,-,В наличии
Power Bank Porodo 60000mAh Multi-Device PD-PBFCH079-BK,680 m,-,В наличии
Power Bank Porodo Solar-Powered 20000mAh PDPBAS149BK,556 m,-,В наличии
Power Bank Porodo Gaming Arcadevolt 10000mAh PDPBXH002BK,536 m,-,В наличии
"Детский планшет для рисования Porodo Kids Tracing Book 8.5"" PDLFST082BK",186 m,-,В наличии
Фитнес-браслет Porodo Trackfit Smart Fitness Band PDSB1062BU,330 m,-,В наличии
Детские умные часы Porodo Kids Junicare PDLFST003PK,762 m,-,В наличии
Мини-холодильник Green Lion 22L 65W GNREFG22LBK,2 261 m,2 367 m,В наличии
Геймерское кресло AndaSeat Kaiser Frontier XL Black,4 226 m,4 425 m,В наличии
СЖО Jungle Leopard 360P TK1 ARGB,1 376 m,1 441 m,В наличии
СЖО Deepcool MYSTIQUE 240 ARGB,2 359 m,2 470 m,В наличии
Чемодан дорожный Xiaomi Classic Pro 26 (Black),3 047 m,3 190 m,В наличии
Наушники JBL Live 770NC (Beige),2 058 m,-,В наличии
Утюг Philips Azur DST7051 (Black-Violet),1 553 m,1 626 m,В наличии
Бойлер Tesy 80л (CTV 804415 D07 TR),2 850 m,2 985 m,В наличии
Цифровой телефон Grandstream GHP621 GHP621,905 m,947 m,В наличии
Мини-мойка Ronix RP-U100,1 278 m,1 338 m,В наличии
Мясорубка Vitek VT-3620,1 376 m,1 441 m,В наличии
IP-камера Hikvision DS-2CD2T45G0P-I,1 868 m,1 956 m,В наличии
Мини ПК TEXHOO QN-SE Barebone AMD Ryzen 5 3450U NoRAM NoSSD,3 087 m,-,В наличии
Беговая дорожка Xiaomi KingSmith TRG1F Pro,10 599 m,-,В наличии
Монитор Samsung Essential Monitor S3(S30GD) LS27D300GAMXUE,2 058 m,-,В наличии
Комбинированная плита Skyworth 110л (White),5 557 m,-,В наличии
Видеодомофон Panasonic VL-SA72,3 499 m,-,В наличии
Картридж для плоттера HP T930 (727) Yellow,927 m,-,В наличии
Массажер для шеи и плеч Philips Massage Shawl PPM3201N (Black),1 421 m,-,В наличии
3D принтер ELEGOO Mars 5 Ultra 9K,8 953 m,-,В наличии
Цифровой телефон Grandstream GHP621W GHP621W,1 174 m,-,В наличии
Кухонный комбайн Ardesto KSTM-8041,1 750 m,-,В наличии
Принтер 4 в 1 Epson L14150,9 982 m,-,В наличии
Сканер Epson Workforce DS-1630 EP-B11B239402BB,3 993 m,-,В наличии
Антимоскитная лампа Porodo Lifestyle Mosquito Zapper PD-LFST135-BK,289 m,-,В наличии
Зеркало для макияжа Porodo Lifestyle Hollywood Vanity PD-LFST162-WHRG,906 m,-,В наличии
Зеркало для макияжа Porodo Lifestyle Vanity PD-LFST160-WHRG,433 m,-,В наличии
Портативная лампа Porodo LED Tube Light PD-LFST136-WH,289 m,-,В наличии
Электрическая отвертка Porodo TechFix 97-in-1 PD-GTE970-BK,453 m,-,В наличии
Bluetooth-адаптер Porodo Audio Transmitter Black PD-BTRCV-BK,145 m,-,В наличии
Power Bank Porodo 60000mAh Multi-Device PD-PBFCH079-BK,680 m,-,В наличии
Power Bank Porodo Solar-Powered 20000mAh PDPBAS149BK,556 m,-,В наличии
Power Bank Porodo Gaming Arcadevolt 10000mAh PDPBXH002BK,536 m,-,В наличии
"Детский планшет для рисования Porodo Kids Tracing Book 8.5"" PDLFST082BK",186 m,-,В наличии
Фитнес-браслет Porodo Trackfit Smart Fitness Band PDSB1062BU,330 m,-,В наличии
Детские умные часы Porodo Kids Junicare PDLFST003PK,762 m,-,В наличии
Мини-холодильник Green Lion 22L 65W GNREFG22LBK,2 261 m,2 367 m,В наличии
Геймерское кресло AndaSeat Kaiser Frontier XL Black,4 226 m,4 425 m,В наличии
СЖО Jungle Leopard 360P TK1 ARGB,1 376 m,1 441 m,В наличии
СЖО Deepcool MYSTIQUE 240 ARGB,2 359 m,2 470 m,В наличии
Чемодан дорожный Xiaomi Classic Pro 26 (Black),3 047 m,3 190 m,В наличии
Наушники JBL Live 770NC (Beige),2 058 m,-,В наличии
Утюг Philips Azur DST7051 (Black-Violet),1 553 m,1 626 m,В наличии
Бойлер Tesy 80л (CTV 804415 D07 TR),2 850 m,2 985 m,В наличии
Цифровой телефон Grandstream GHP621 GHP621,905 m,947 m,В наличии
Мини-мойка Ronix RP-U100,1 278 m,1 338 m,В наличии
Мясорубка Vitek VT-3620,1 376 m,1 441 m,В наличии
IP-камера Hikvision DS-2CD2T45G0P-I,1 868 m,1 956 m,В наличии
Мини ПК TEXHOO QN-SE Barebone AMD Ryzen 5 3450U NoRAM NoSSD,3 087 m,-,В наличии
Беговая дорожка Xiaomi KingSmith TRG1F Pro,10 599 m,-,В наличии
Монитор Samsung Essential Monitor S3(S30GD) LS27D300GAMXUE,2 058 m,-,В наличии
Комбинированная плита Skyworth 110л (White),5 557 m,-,В наличии
Видеодомофон Panasonic VL-SA72,3 499 m,-,В наличии
Картридж для плоттера HP T930 (727) Yellow,927 m,-,В наличии
Массажер для шеи и плеч Philips Massage Shawl PPM3201N (Black),1 421 m,-,В наличии
3D принтер ELEGOO Mars 5 Ultra 9K,8 953 m,-,В наличии
Цифровой телефон Grandstream GHP621W GHP621W,1 174 m,-,В наличии
Кухонный комбайн Ardesto KSTM-8041,1 750 m,-,В наличии
Принтер 4 в 1 Epson L14150,9 982 m,-,В наличии
Сканер Epson Workforce DS-1630 EP-B11B239402BB,3 993 m,-,В наличии
Антимоскитная лампа Porodo Lifestyle Mosquito Zapper PD-LFST135-BK,289 m,-,В наличии
Зеркало для макияжа Porodo Lifestyle Hollywood Vanity PD-LFST162-WHRG,906 m,-,В наличии
Зеркало для макияжа Porodo Lifestyle Vanity PD-LFST160-WHRG,433 m,-,В наличии
Портативная лампа Porodo LED Tube Light PD-LFST136-WH,289 m,-,В наличии
Электрическая отвертка Porodo TechFix 97-in-1 PD-GTE970-BK,453 m,-,В наличии
Bluetooth-адаптер Porodo Audio Transmitter Black PD-BTRCV-BK,145 m,-,В наличии
Power Bank Porodo 60000mAh Multi-Device PD-PBFCH079-BK,680 m,-,В наличии
Power Bank Porodo Solar-Powered 20000mAh PDPBAS149BK,556 m,-,В наличии
Power Bank Porodo Gaming Arcadevolt 10000mAh PDPBXH002BK,536 m,-,В наличии
"Детский планшет для рисования Porodo Kids Tracing Book 8.5"" PDLFST082BK",186 m,-,В наличии
Фитнес-браслет Porodo Trackfit Smart Fitness Band PDSB1062BU,330 m,-,В наличии
Детские умные часы Porodo Kids Junicare PDLFST003PK,762 m,-,В наличии
Мини-холодильник Green Lion 22L 65W GNREFG22LBK,2 261 m,2 367 m,В наличии
Геймерское кресло AndaSeat Kaiser Frontier XL Black,4 226 m,4 425 m,В наличии
СЖО Jungle Leopard 360P TK1 ARGB,1 376 m,1 441 m,В наличии
СЖО Deepcool MYSTIQUE 240 ARGB,2 359 m,2 470 m,В наличии
Чемодан дорожный Xiaomi Classic Pro 26 (Black),3 047 m,3 190 m,В наличии
Наушники JBL Live 770NC (Beige),2 058 m,-,В наличии
Утюг Philips Azur DST7051 (Black-Violet),1 553 m,1 626 m,В наличии
Бойлер Tesy 80л (CTV 804415 D07 TR),2 850 m,2 985 m,В наличии
Цифровой телефон Grandstream GHP621 GHP621,905 m,947 m,В наличии
Мини-мойка Ronix RP-U100,1 278 m,1 338 m,В наличии
Мясорубка Vitek VT-3620,1 376 m,1 441 m,В наличии
IP-камера Hikvision DS-2CD2T45G0P-I,1 868 m,1 956 m,В наличии
Мини ПК TEXHOO QN-SE Barebone AMD Ryzen 5 3450U NoRAM NoSSD,3 087 m,-,В наличии
Беговая дорожка Xiaomi KingSmith TRG1F Pro,10 599 m,-,В наличии
Монитор Samsung Essential Monitor S3(S30GD) LS27D300GAMXUE,2 058 m,-,В наличии
Комбинированная плита Skyworth 110л (White),5 557 m,-,В наличии
Видеодомофон Panasonic VL-SA72,3 499 m,-,В наличии
Картридж для плоттера HP T930 (727) Yellow,927 m,-,В наличии
Массажер для шеи и плеч Philips Massage Shawl PPM3201N (Black),1 421 m,-,В наличии
3D принтер ELEGOO Mars 5 Ultra 9K,8 953 m,-,В наличии
Цифровой телефон Grandstream GHP621W GHP621W,1 174 m,-,В наличии
Кухонный комбайн Ardesto KSTM-8041,1 750 m,-,В наличии
Принтер 4 в 1 Epson L14150,9 982 m,-,В наличии
Сканер Epson Workforce DS-1630 EP-B11B239402BB,3 993 m,-,В наличии
Антимоскитная лампа Porodo Lifestyle Mosquito Zapper PD-LFST135-BK,289 m,-,В наличии
Зеркало для макияжа Porodo Lifestyle Hollywood Vanity PD-LFST162-WHRG,906 m,-,В наличии
Зеркало для макияжа Porodo Lifestyle Vanity PD-LFST160-WHRG,433 m,-,В наличии
Портативная лампа Porodo LED Tube Light PD-LFST136-WH,289 m,-,В наличии
Электрическая отвертка Porodo TechFix 97-in-1 PD-GTE970-BK,453 m,-,В наличии
Bluetooth-адаптер Porodo Audio Transmitter Black PD-BTRCV-BK,145 m,-,В наличии
Power Bank Porodo 60000mAh Multi-Device PD-PBFCH079-BK,680 m,-,В наличии
Power Bank Porodo Solar-Powered 20000mAh PDPBAS149BK,556 m,-,В наличии
Power Bank Porodo Gaming Arcadevolt 10000mAh PDPBXH002BK,536 m,-,В наличии
"Детский планшет для рисования Porodo Kids Tracing Book 8.5"" PDLFST082BK",186 m,-,В наличии
Фитнес-браслет Porodo Trackfit Smart Fitness Band PDSB1062BU,330 m,-,В наличии
Детские умные часы Porodo Kids Junicare PDLFST003PK,762 m,-,В наличии
Мини-холодильник Green Lion 22L 65W GNREFG22LBK,2 261 m,2 367 m,В наличии
Геймерское кресло AndaSeat Kaiser Frontier XL Black,4 226 m,4 425 m,В наличии
СЖО Jungle Leopard 360P TK1 ARGB,1 376 m,1 441 m,В наличии
СЖО Deepcool MYSTIQUE 240 ARGB,2 359 m,2 470 m,В наличии
Чемодан дорожный Xiaomi Classic Pro 26 (Black),3 047 m,3 190 m,В наличии
Наушники JBL Live 770NC (Beige),2 058 m,-,В наличии
Утюг Philips Azur DST7051 (Black-Violet),1 553 m,1 626 m,В наличии
Бойлер Tesy 80л (CTV 804415 D07 TR),2 850 m,2 985 m,В наличии
Цифровой телефон Grandstream GHP621 GHP621,905 m,947 m,В наличии
Мини-мойка Ronix RP-U100,1 278 m,1 338 m,В наличии
Мясорубка Vitek VT-3620,1 376 m,1 441 m,В наличии
IP-камера Hikvision DS-2CD2T45G0P-I,1 868 m,1 956 m,В наличии
Мини ПК TEXHOO QN-SE Barebone AMD Ryzen 5 3450U NoRAM NoSSD,3 087 m,-,В наличии
Беговая дорожка Xiaomi KingSmith TRG1F Pro,10 599 m,-,В наличии
Монитор Samsung Essential Monitor S3(S30GD) LS27D300GAMXUE,2 058 m,-,В наличии
Комбинированная плита Skyworth 110л (White),5 557 m,-,В наличии
Видеодомофон Panasonic VL-SA72,3 499 m,-,В наличии
Картридж для плоттера HP T930 (727) Yellow,927 m,-,В наличии
Массажер для шеи и плеч Philips Massage Shawl PPM3201N (Black),1 421 m,-,В наличии
3D принтер ELEGOO Mars 5 Ultra 9K,8 953 m,-,В наличии
Цифровой телефон Grandstream GHP621W GHP621W,1 174 m,-,В наличии
Кухонный комбайн Ardesto KSTM-8041,1 750 m,-,В наличии
Принтер 4 в 1 Epson L14150,9 982 m,-,В наличии
Сканер Epson Workforce DS-1630 EP-B11B239402BB,3 993 m,-,В наличии
Антимоскитная лампа Porodo Lifestyle Mosquito Zapper PD-LFST135-BK,289 m,-,В наличии
Зеркало для макияжа Porodo Lifestyle Hollywood Vanity PD-LFST162-WHRG,906 m,-,В наличии
Зеркало для макияжа Porodo Lifestyle Vanity PD-LFST160-WHRG,433 m,-,В наличии
Портативная лампа Porodo LED Tube Light PD-LFST136-WH,289 m,-,В наличии
Электрическая отвертка Porodo TechFix 97-in-1 PD-GTE970-BK,453 m,-,В наличии
Bluetooth-адаптер Porodo Audio Transmitter Black PD-BTRCV-BK,145 m,-,В наличии
Power Bank Porodo 60000mAh Multi-Device PD-PBFCH079-BK,680 m,-,В наличии
Power Bank Porodo Solar-Powered 20000mAh PDPBAS149BK,556 m,-,В наличии
Power Bank Porodo Gaming Arcadevolt 10000mAh PDPBXH002BK,536 m,-,В наличии
"Детский планшет для рисования Porodo Kids Tracing Book 8.5"" PDLFST082BK",186 m,-,В наличии
Фитнес-браслет Porodo Trackfit Smart Fitness Band PDSB1062BU,330 m,-,В наличии
Детские умные часы Porodo Kids Junicare PDLFST003PK,762 m,-,В наличии
Мини-холодильник Green Lion 22L 65W GNREFG22LBK,2 261 m,2 367 m,В наличии
Геймерское кресло AndaSeat Kaiser Frontier XL Black,4 226 m,4 425 m,В наличии
СЖО Jungle Leopard 360P TK1 ARGB,1 376 m,1 441 m,В наличии
СЖО Deepcool MYSTIQUE 240 ARGB,2 359 m,2 470 m,В наличии
Чемодан дорожный Xiaomi Classic Pro 26 (Black),3 047 m,3 190 m,В наличии
Наушники JBL Live 770NC (Beige),2 058 m,-,В наличии
Утюг Philips Azur DST7051 (Black-Violet),1 553 m,1 626 m,В наличии
Бойлер Tesy 80л (CTV 804415 D07 TR),2 850 m,2 985 m,В наличии
Цифровой телефон Grandstream GHP621 GHP621,905 m,947 m,В наличии
Мини-мойка Ronix RP-U100,1 278 m,1 338 m,В наличии
Мясорубка Vitek VT-3620,1 376 m,1 441 m,В наличии
IP-камера Hikvision DS-2CD2T45G0P-I,1 868 m,1 956 m,В наличии
Мини ПК TEXHOO QN-SE Barebone AMD Ryzen 5 3450U NoRAM NoSSD,3 087 m,-,В наличии
Беговая дорожка Xiaomi KingSmith TRG1F Pro,10 599 m,-,В наличии
Монитор Samsung Essential Monitor S3(S30GD) LS27D300GAMXUE,2 058 m,-,В наличии
Комбинированная плита Skyworth 110л (White),5 557 m,-,В наличии
Видеодомофон Panasonic VL-SA72,3 499 m,-,В наличии
Картридж для плоттера HP T930 (727) Yellow,927 m,-,В наличии
Массажер для шеи и плеч Philips Massage Shawl PPM3201N (Black),1 421 m,-,В наличии
3D принтер ELEGOO Mars 5 Ultra 9K,8 953 m,-,В наличии
Цифровой телефон Grandstream GHP621W GHP621W,1 174 m,-,В наличии
Кухонный комбайн Ardesto KSTM-8041,1 750 m,-,В наличии
Принтер 4 в 1 Epson L14150,9 982 m,-,В наличии
Сканер Epson Workforce DS-1630 EP-B11B239402BB,3 993 m,-,В наличии
Антимоскитная лампа Porodo Lifestyle Mosquito Zapper PD-LFST135-BK,289 m,-,В наличии
Зеркало для макияжа Porodo Lifestyle Hollywood Vanity PD-LFST162-WHRG,906 m,-,В наличии
Зеркало для макияжа Porodo Lifestyle Vanity PD-LFST160-WHRG,433 m,-,В наличии
Портативная лампа Porodo LED Tube Light PD-LFST136-WH,289 m,-,В наличии
Электрическая отвертка Porodo TechFix 97-in-1 PD-GTE970-BK,453 m,-,В наличии
Bluetooth-адаптер Porodo Audio Transmitter Black PD-BTRCV-BK,145 m,-,В наличии
Power Bank Porodo 60000mAh Multi-Device PD-PBFCH079-BK,680 m,-,В наличии
Power Bank Porodo Solar-Powered 20000mAh PDPBAS149BK,556 m,-,В наличии
Power Bank Porodo Gaming Arcadevolt 10000mAh PDPBXH002BK,536 m,-,В наличии
"Детский планшет для рисования Porodo Kids Tracing Book 8.5"" PDLFST082BK",186 m,-,В наличии
Фитнес-браслет Porodo Trackfit Smart Fitness Band PDSB1062BU,330 m,-,В наличии
Детские умные часы Porodo Kids Junicare PDLFST003PK,762 m,-,В наличии
Мини-холодильник Green Lion 22L 65W GNREFG22LBK,2 261 m,2 367 m,В наличии
Геймерское кресло AndaSeat Kaiser Frontier XL Black,4 226 m,4 425 m,В наличии
СЖО Jungle Leopard 360P TK1 ARGB,1 376 m,1 441 m,В наличии
СЖО Deepcool MYSTIQUE 240 ARGB,2 359 m,2 470 m,В наличии
Чемодан дорожный Xiaomi Classic Pro 26 (Black),3 047 m,3 190 m,В наличии
Наушники JBL Live 770NC (Beige),2 058 m,-,В наличии
Утюг Philips Azur DST7051 (Black-Violet),1 553 m,1 626 m,В наличии
Бойлер Tesy 80л (CTV 804415 D07 TR),2 850 m,2 985 m,В наличии
Цифровой телефон Grandstream GHP621 GHP621,905 m,947 m,В наличии
Мини-мойка Ronix RP-U100,1 278 m,1 338 m,В наличии
Мясорубка Vitek VT-3620,1 376 m,1 441 m,В наличии
IP-камера Hikvision DS-2CD2T45G0P-I,1 868 m,1 956 m,В наличии
Мини ПК TEXHOO QN-SE Barebone AMD Ryzen 5 3450U NoRAM NoSSD,3 087 m,-,В наличии
Беговая дорожка Xiaomi KingSmith TRG1F Pro,10 599 m,-,В наличии
Монитор Samsung Essential Monitor S3(S30GD) LS27D300GAMXUE,2 058 m,-,В наличии
Комбинированная плита Skyworth 110л (White),5 557 m,-,В наличии
Видеодомофон Panasonic VL-SA72,3 499 m,-,В наличии
Картридж для плоттера HP T930 (727) Yellow,927 m,-,В наличии
Массажер для шеи и плеч Philips Massage Shawl PPM3201N (Black),1 421 m,-,В наличии
3D принтер ELEGOO Mars 5 Ultra 9K,8 953 m,-,В наличии
Цифровой телефон Grandstream GHP621W GHP621W,1 174 m,-,В наличии
Кухонный комбайн Ardesto KSTM-8041,1 750 m,-,В наличии
Принтер 4 в 1 Epson L14150,9 982 m,-,В наличии
Сканер Epson Workforce DS-1630 EP-B11B239402BB,3 993 m,-,В наличии
Антимоскитная лампа Porodo Lifestyle Mosquito Zapper PD-LFST135-BK,289 m,-,В наличии
Зеркало для макияжа Porodo Lifestyle Hollywood Vanity PD-LFST162-WHRG,906 m,-,В наличии
Зеркало для макияжа Porodo Lifestyle Vanity PD-LFST160-WHRG,433 m,-,В наличии
Портативная лампа Porodo LED Tube Light PD-LFST136-WH,289 m,-,В наличии
Электрическая отвертка Porodo TechFix 97-in-1 PD-GTE970-BK,453 m,-,В наличии
Bluetooth-адаптер Porodo Audio Transmitter Black PD-BTRCV-BK,145 m,-,В наличии
Power Bank Porodo 60000mAh Multi-Device PD-PBFCH079-BK,680 m,-,В наличии
Power Bank Porodo Solar-Powered 20000mAh PDPBAS149BK,556 m,-,В наличии
Power Bank Porodo Gaming Arcadevolt 10000mAh PDPBXH002BK,536 m,-,В наличии
"Детский планшет для рисования Porodo Kids Tracing Book 8.5"" PDLFST082BK",186 m,-,В наличии
Фитнес-браслет Porodo Trackfit Smart Fitness Band PDSB1062BU,330 m,-,В наличии
Детские умные часы Porodo Kids Junicare PDLFST003PK,762 m,-,В наличии
Мини-холодильник Green Lion 22L 65W GNREFG22LBK,2 261 m,2 367 m,В наличии
Геймерское кресло AndaSeat Kaiser Frontier XL Black,4 226 m,4 425 m,В наличии
СЖО Jungle Leopard 360P TK1 ARGB,1 376 m,1 441 m,В наличии
СЖО Deepcool MYSTIQUE 240 ARGB,2 359 m,2 470 m,В наличии
Чемодан дорожный Xiaomi Classic Pro 26 (Black),3 047 m,3 190 m,В наличии
Наушники JBL Live 770NC (Beige),2 058 m,-,В наличии
Утюг Philips Azur DST7051 (Black-Violet),1 553 m,1 626 m,В наличии
Бойлер Tesy 80л (CTV 804415 D07 TR),2 850 m,2 985 m,В наличии
Цифровой телефон Grandstream GHP621 GHP621,905 m,947 m,В наличии
Мини-мойка Ronix RP-U100,1 278 m,1 338 m,В наличии
Мясорубка Vitek VT-3620,1 376 m,1 441 m,В наличии
IP-камера Hikvision DS-2CD2T45G0P-I,1 868 m,1 956 m,В наличии
Мини ПК TEXHOO QN-SE Barebone AMD Ryzen 5 3450U NoRAM NoSSD,3 087 m,-,В наличии
Беговая дорожка Xiaomi KingSmith TRG1F Pro,10 599 m,-,В наличии
Монитор Samsung Essential Monitor S3(S30GD) LS27D300GAMXUE,2 058 m,-,В наличии
Комбинированная плита Skyworth 110л (White),5 557 m,-,В наличии
Видеодомофон Panasonic VL-SA72,3 499 m,-,В наличии
Картридж для плоттера HP T930 (727) Yellow,927 m,-,В наличии
Массажер для шеи и плеч Philips Massage Shawl PPM3201N (Black),1 421 m,-,В наличии
3D принтер ELEGOO Mars 5 Ultra 9K,8 953 m,-,В наличии
Цифровой телефон Grandstream GHP621W GHP621W,1 174 m,-,В наличии
Кухонный комбайн Ardesto KSTM-8041,1 750 m,-,В наличии
Принтер 4 в 1 Epson L14150,9 982 m,-,В наличии
Сканер Epson Workforce DS-1630 EP-B11B239402BB,3 993 m,-,В наличии
Антимоскитная лампа Porodo Lifestyle Mosquito Zapper PD-LFST135-BK,289 m,-,В наличии
Зеркало для макияжа Porodo Lifestyle Hollywood Vanity PD-LFST162-WHRG,906 m,-,В наличии
Зеркало для макияжа Porodo Lifestyle Vanity PD-LFST160-WHRG,433 m,-,В наличии
Портативная лампа Porodo LED Tube Light PD-LFST136-WH,289 m,-,В наличии
Электрическая отвертка Porodo TechFix 97-in-1 PD-GTE970-BK,453 m,-,В наличии
Bluetooth-адаптер Porodo Audio Transmitter Black PD-BTRCV-BK,145 m,-,В наличии
Power Bank Porodo 60000mAh Multi-Device PD-PBFCH079-BK,680 m,-,В наличии
Power Bank Porodo Solar-Powered 20000mAh PDPBAS149BK,556 m,-,В наличии
Power Bank Porodo Gaming Arcadevolt 10000mAh PDPBXH002BK,536 m,-,В наличии
"Детский планшет для рисования Porodo Kids Tracing Book 8.5"" PDLFST082BK",186 m,-,В наличии
Фитнес-браслет Porodo Trackfit Smart Fitness Band PDSB1062BU,330 m,-,В наличии
Детские умные часы Porodo Kids Junicare PDLFST003PK,762 m,-,В наличии
Мини-холодильник Green Lion 22L 65W GNREFG22LBK,2 261 m,2 367 m,В наличии
Геймерское кресло AndaSeat Kaiser Frontier XL Black,4 226 m,4 425 m,В наличии
СЖО Jungle Leopard 360P TK1 ARGB,1 376 m,1 441 m,В наличии
СЖО Deepcool MYSTIQUE 240 ARGB,2 359 m,2 470 m,В наличии
Чемодан дорожный Xiaomi Classic Pro 26 (Black),3 047 m,3 190 m,В наличии
Наушники JBL Live 770NC (Beige),2 058 m,-,В наличии
Утюг Philips Azur DST7051 (Black-Violet),1 553 m,1 626 m,В наличии
Бойлер Tesy 80л (CTV 804415 D07 TR),2 850 m,2 985 m,В наличии
Цифровой телефон Grandstream GHP621 GHP621,905 m,947 m,В наличии
Мини-мойка Ronix RP-U100,1 278 m,1 338 m,В наличии
Мясорубка Vitek VT-3620,1 376 m,1 441 m,В наличии
IP-камера Hikvision DS-2CD2T45G0P-I,1 868 m,1 956 m,В наличии
Мини ПК TEXHOO QN-SE Barebone AMD Ryzen 5 3450U NoRAM NoSSD,3 087 m,-,В наличии
Беговая дорожка Xiaomi KingSmith TRG1F Pro,10 599 m,-,В наличии
Монитор Samsung Essential Monitor S3(S30GD) LS27D300GAMXUE,2 058 m,-,В наличии
Комбинированная плита Skyworth 110л (White),5 557 m,-,В наличии
Видеодомофон Panasonic VL-SA72,3 499 m,-,В наличии
Картридж для плоттера HP T930 (727) Yellow,927 m,-,В наличии
Массажер для шеи и плеч Philips Massage Shawl PPM3201N (Black),1 421 m,-,В наличии
3D принтер ELEGOO Mars 5 Ultra 9K,8 953 m,-,В наличии
Цифровой телефон Grandstream GHP621W GHP621W,1 174 m,-,В наличии
Кухонный комбайн Ardesto KSTM-8041,1 750 m,-,В наличии
Принтер 4 в 1 Epson L14150,9 982 m,-,В наличии
Сканер Epson Workforce DS-1630 EP-B11B239402BB,3 993 m,-,В наличии
Антимоскитная лампа Porodo Lifestyle Mosquito Zapper PD-LFST135-BK,289 m,-,В наличии
Зеркало для макияжа Porodo Lifestyle Hollywood Vanity PD-LFST162-WHRG,906 m,-,В наличии
Зеркало для макияжа Porodo Lifestyle Vanity PD-LFST160-WHRG,433 m,-,В наличии
Портативная лампа Porodo LED Tube Light PD-LFST136-WH,289 m,-,В наличии
Электрическая отвертка Porodo TechFix 97-in-1 PD-GTE970-BK,453 m,-,В наличии
Bluetooth-адаптер Porodo Audio Transmitter Black PD-BTRCV-BK,145 m,-,В наличии
Power Bank Porodo 60000mAh Multi-Device PD-PBFCH079-BK,680 m,-,В наличии
Power Bank Porodo Solar-Powered 20000mAh PDPBAS149BK,556 m,-,В наличии
Power Bank Porodo Gaming Arcadevolt 10000mAh PDPBXH002BK,536 m,-,В наличии
"Детский планшет для рисования Porodo Kids Tracing Book 8.5"" PDLFST082BK",186 m,-,В наличии
Фитнес-браслет Porodo Trackfit Smart Fitness Band PDSB1062BU,330 m,-,В наличии
Детские умные часы Porodo Kids Junicare PDLFST003PK,762 m,-,В наличии
Мини-холодильник Green Lion 22L 65W GNREFG22LBK,2 261 m,2 367 m,В наличии
Геймерское кресло AndaSeat Kaiser Frontier XL Black,4 226 m,4 425 m,В наличии
СЖО Jungle Leopard 360P TK1 ARGB,1 376 m,1 441 m,В наличии
СЖО Deepcool MYSTIQUE 240 ARGB,2 359 m,2 470 m,В наличии
Чемодан дорожный Xiaomi Classic Pro 26 (Black),3 047 m,3 190 m,В наличии
Наушники JBL Live 770NC (Beige),2 058 m,-,В наличии
Утюг Philips Azur DST7051 (Black-Violet),1 553 m,1 626 m,В наличии
Бойлер Tesy 80л (CTV 804415 D07 TR),2 850 m,2 985 m,В наличии
Цифровой телефон Grandstream GHP621 GHP621,905 m,947 m,В наличии
Мини-мойка Ronix RP-U100,1 278 m,1 338 m,В наличии
Мясорубка Vitek VT-3620,1 376 m,1 441 m,В наличии
IP-камера Hikvision DS-2CD2T45G0P-I,1 868 m,1 956 m,В наличии
Мини ПК TEXHOO QN-SE Barebone AMD Ryzen 5 3450U NoRAM NoSSD,3 087 m,-,В наличии
Беговая дорожка Xiaomi KingSmith TRG1F Pro,10 599 m,-,В наличии
Монитор Samsung Essential Monitor S3(S30GD) LS27D300GAMXUE,2 058 m,-,В наличии
Комбинированная плита Skyworth 110л (White),5 557 m,-,В наличии
Видеодомофон Panasonic VL-SA72,3 499 m,-,В наличии
Картридж для плоттера HP T930 (727) Yellow,927 m,-,В наличии
Массажер для шеи и плеч Philips Massage Shawl PPM3201N (Black),1 421 m,-,В наличии
3D принтер ELEGOO Mars 5 Ultra 9K,8 953 m,-,В наличии
Цифровой телефон Grandstream GHP621W GHP621W,1 174 m,-,В наличии
Кухонный комбайн Ardesto KSTM-8041,1 750 m,-,В наличии
Принтер 4 в 1 Epson L14150,9 982 m,-,В наличии
Сканер Epson Workforce DS-1630 EP-B11B239402BB,3 993 m,-,В наличии
Антимоскитная лампа Porodo Lifestyle Mosquito Zapper PD-LFST135-BK,289 m,-,В наличии
Зеркало для макияжа Porodo Lifestyle Hollywood Vanity PD-LFST162-WHRG,906 m,-,В наличии
Зеркало для макияжа Porodo Lifestyle Vanity PD-LFST160-WHRG,433 m,-,В наличии
Портативная лампа Porodo LED Tube Light PD-LFST136-WH,289 m,-,В наличии
Электрическая отвертка Porodo TechFix 97-in-1 PD-GTE970-BK,453 m,-,В наличии
Bluetooth-адаптер Porodo Audio Transmitter Black PD-BTRCV-BK,145 m,-,В наличии
Power Bank Porodo 60000mAh Multi-Device PD-PBFCH079-BK,680 m,-,В наличии
Power Bank Porodo Solar-Powered 20000mAh PDPBAS149BK,556 m,-,В наличии
Power Bank Porodo Gaming Arcadevolt 10000mAh PDPBXH002BK,536 m,-,В наличии
"Детский планшет для рисования Porodo Kids Tracing Book 8.5"" PDLFST082BK",186 m,-,В наличии
Фитнес-браслет Porodo Trackfit Smart Fitness Band PDSB1062BU,330 m,-,В наличии
Детские умные часы Porodo Kids Junicare PDLFST003PK,762 m,-,В наличии
Мини-холодильник Green Lion 22L 65W GNREFG22LBK,2 261 m,2 367 m,В наличии
Геймерское кресло AndaSeat Kaiser Frontier XL Black,4 226 m,4 425 m,В наличии
СЖО Jungle Leopard 360P TK1 ARGB,1 376 m,1 441 m,В наличии
СЖО Deepcool MYSTIQUE 240 ARGB,2 359 m,2 470 m,В наличии
Чемодан дорожный Xiaomi Classic Pro 26 (Black),3 047 m,3 190 m,В наличии
Наушники JBL Live 770NC (Beige),2 058 m,-,В наличии
Утюг Philips Azur DST7051 (Black-Violet),1 553 m,1 626 m,В наличии
Бойлер Tesy 80л (CTV 804415 D07 TR),2 850 m,2 985 m,В наличии
Цифровой телефон Grandstream GHP621 GHP621,905 m,947 m,В наличии
Мини-мойка Ronix RP-U100,1 278 m,1 338 m,В наличии
Мясорубка Vitek VT-3620,1 376 m,1 441 m,В наличии
IP-камера Hikvision DS-2CD2T45G0P-I,1 868 m,1 956 m,В наличии
Мини ПК TEXHOO QN-SE Barebone AMD Ryzen 5 3450U NoRAM NoSSD,3 087 m,-,В наличии
Беговая дорожка Xiaomi KingSmith TRG1F Pro,10 599 m,-,В наличии
Монитор Samsung Essential Monitor S3(S30GD) LS27D300GAMXUE,2 058 m,-,В наличии
Комбинированная плита Skyworth 110л (White),5 557 m,-,В наличии
Видеодомофон Panasonic VL-SA72,3 499 m,-,В наличии
Картридж для плоттера HP T930 (727) Yellow,927 m,-,В наличии
Массажер для шеи и плеч Philips Massage Shawl PPM3201N (Black),1 421 m,-,В наличии
3D принтер ELEGOO Mars 5 Ultra 9K,8 953 m,-,В наличии
Цифровой телефон Grandstream GHP621W GHP621W,1 174 m,-,В наличии
Кухонный комбайн Ardesto KSTM-8041,1 750 m,-,В наличии
Принтер 4 в 1 Epson L14150,9 982 m,-,В наличии
Сканер Epson Workforce DS-1630 EP-B11B239402BB,3 993 m,-,В наличии
Антимоскитная лампа Porodo Lifestyle Mosquito Zapper PD-LFST135-BK,289 m,-,В наличии
Зеркало для макияжа Porodo Lifestyle Hollywood Vanity PD-LFST162-WHRG,906 m,-,В наличии
Зеркало для макияжа Porodo Lifestyle Vanity PD-LFST160-WHRG,433 m,-,В наличии
Портативная лампа Porodo LED Tube Light PD-LFST136-WH,289 m,-,В наличии
Электрическая отвертка Porodo TechFix 97-in-1 PD-GTE970-BK,453 m,-,В наличии
Bluetooth-адаптер Porodo Audio Transmitter Black PD-BTRCV-BK,145 m,-,В наличии
Power Bank Porodo 60000mAh Multi-Device PD-PBFCH079-BK,680 m,-,В наличии
Power Bank Porodo Solar-Powered 20000mAh PDPBAS149BK,556 m,-,В наличии
Power Bank Porodo Gaming Arcadevolt 10000mAh PDPBXH002BK,536 m,-,В наличии
"Детский планшет для рисования Porodo Kids Tracing Book 8.5"" PDLFST082BK",186 m,-,В наличии
Фитнес-браслет Porodo Trackfit Smart Fitness Band PDSB1062BU,330 m,-,В наличии
Детские умные часы Porodo Kids Junicare PDLFST003PK,762 m,-,В наличии
Мини-холодильник Green Lion 22L 65W GNREFG22LBK,2 261 m,2 367 m,В наличии
Геймерское кресло AndaSeat Kaiser Frontier XL Black,4 226 m,4 425 m,В наличии
СЖО Jungle Leopard 360P TK1 ARGB,1 376 m,1 441 m,В наличии
СЖО Deepcool MYSTIQUE 240 ARGB,2 359 m,2 470 m,В наличии
Чемодан дорожный Xiaomi Classic Pro 26 (Black),3 047 m,3 190 m,В наличии
Наушники JBL Live 770NC (Beige),2 058 m,-,В наличии
Утюг Philips Azur DST7051 (Black-Violet),1 553 m,1 626 m,В наличии
Бойлер Tesy 80л (CTV 804415 D07 TR),2 850 m,2 985 m,В наличии
Цифровой телефон Grandstream GHP621 GHP621,905 m,947 m,В наличии
Мини-мойка Ronix RP-U100,1 278 m,1 338 m,В наличии
Мясорубка Vitek VT-3620,1 376 m,1 441 m,В наличии
IP-камера Hikvision DS-2CD2T45G0P-I,1 868 m,1 956 m,В наличии
Мини ПК TEXHOO QN-SE Barebone AMD Ryzen 5 3450U NoRAM NoSSD,3 087 m,-,В наличии
Беговая дорожка Xiaomi KingSmith TRG1F Pro,10 599 m,-,В наличии
Монитор Samsung Essential Monitor S3(S30GD) LS27D300GAMXUE,2 058 m,-,В наличии
Комбинированная плита Skyworth 110л (White),5 557 m,-,В наличии
Видеодомофон Panasonic VL-SA72,3 499 m,-,В наличии
Картридж для плоттера HP T930 (727) Yellow,927 m,-,В наличии
Массажер для шеи и плеч Philips Massage Shawl PPM3201N (Black),1 421 m,-,В наличии
3D принтер ELEGOO Mars 5 Ultra 9K,8 953 m,-,В наличии
Цифровой телефон Grandstream GHP621W GHP621W,1 174 m,-,В наличии
Кухонный комбайн Ardesto KSTM-8041,1 750 m,-,В наличии
Принтер 4 в 1 Epson L14150,9 982 m,-,В наличии
Сканер Epson Workforce DS-1630 EP-B11B239402BB,3 993 m,-,В наличии
Антимоскитная лампа Porodo Lifestyle Mosquito Zapper PD-LFST135-BK,289 m,-,В наличии
Зеркало для макияжа Porodo Lifestyle Hollywood Vanity PD-LFST162-WHRG,906 m,-,В наличии
Зеркало для макияжа Porodo Lifestyle Vanity PD-LFST160-WHRG,433 m,-,В наличии
Портативная лампа Porodo LED Tube Light PD-LFST136-WH,289 m,-,В наличии
Электрическая отвертка Porodo TechFix 97-in-1 PD-GTE970-BK,453 m,-,В наличии
Bluetooth-адаптер Porodo Audio Transmitter Black PD-BTRCV-BK,145 m,-,В наличии
Power Bank Porodo 60000mAh Multi-Device PD-PBFCH079-BK,680 m,-,В наличии
Power Bank Porodo Solar-Powered 20000mAh PDPBAS149BK,556 m,-,В наличии
Power Bank Porodo Gaming Arcadevolt 10000mAh PDPBXH002BK,536 m,-,В наличии
"Детский планшет для рисования Porodo Kids Tracing Book 8.5"" PDLFST082BK",186 m,-,В наличии
Фитнес-браслет Porodo Trackfit Smart Fitness Band PDSB1062BU,330 m,-,В наличии
Детские умные часы Porodo Kids Junicare PDLFST003PK,762 m,-,В наличии
Мини-холодильник Green Lion 22L 65W GNREFG22LBK,2 261 m,2 367 m,В наличии
Геймерское кресло AndaSeat Kaiser Frontier XL Black,4 226 m,4 425 m,В наличии
СЖО Jungle Leopard 360P TK1 ARGB,1 376 m,1 441 m,В наличии
СЖО Deepcool MYSTIQUE 240 ARGB,2 359 m,2 470 m,В наличии
Чемодан дорожный Xiaomi Classic Pro 26 (Black),3 047 m,3 190 m,В наличии
Наушники JBL Live 770NC (Beige),2 058 m,-,В наличии
Утюг Philips Azur DST7051 (Black-Violet),1 553 m,1 626 m,В наличии
Бойлер Tesy 80л (CTV 804415 D07 TR),2 850 m,2 985 m,В наличии
Цифровой телефон Grandstream GHP621 GHP621,905 m,947 m,В наличии
Мини-мойка Ronix RP-U100,1 278 m,1 338 m,В наличии
Мясорубка Vitek VT-3620,1 376 m,1 441 m,В наличии
IP-камера Hikvision DS-2CD2T45G0P-I,1 868 m,1 956 m,В наличии
Мини ПК TEXHOO QN-SE Barebone AMD Ryzen 5 3450U NoRAM NoSSD,3 087 m,-,В наличии
Беговая дорожка Xiaomi KingSmith TRG1F Pro,10 599 m,-,В наличии
Монитор Samsung Essential Monitor S3(S30GD) LS27D300GAMXUE,2 058 m,-,В наличии
Комбинированная плита Skyworth 110л (White),5 557 m,-,В наличии
Видеодомофон Panasonic VL-SA72,3 499 m,-,В наличии
Картридж для плоттера HP T930 (727) Yellow,927 m,-,В наличии
Массажер для шеи и плеч Philips Massage Shawl PPM3201N (Black),1 421 m,-,В наличии
3D принтер ELEGOO Mars 5 Ultra 9K,8 953 m,-,В наличии
Цифровой телефон Grandstream GHP621W GHP621W,1 174 m,-,В наличии
Кухонный комбайн Ardesto KSTM-8041,1 750 m,-,В наличии
Принтер 4 в 1 Epson L14150,9 982 m,-,В наличии
Сканер Epson Workforce DS-1630 EP-B11B239402BB,3 993 m,-,В наличии
Антимоскитная лампа Porodo Lifestyle Mosquito Zapper PD-LFST135-BK,289 m,-,В наличии
Зеркало для макияжа Porodo Lifestyle Hollywood Vanity PD-LFST162-WHRG,906 m,-,В наличии
Зеркало для макияжа Porodo Lifestyle Vanity PD-LFST160-WHRG,433 m,-,В наличии
Портативная лампа Porodo LED Tube Light PD-LFST136-WH,289 m,-,В наличии
Электрическая отвертка Porodo TechFix 97-in-1 PD-GTE970-BK,453 m,-,В наличии
Bluetooth-адаптер Porodo Audio Transmitter Black PD-BTRCV-BK,145 m,-,В наличии
Power Bank Porodo 60000mAh Multi-Device PD-PBFCH079-BK,680 m,-,В наличии
Power Bank Porodo Solar-Powered 20000mAh PDPBAS149BK,556 m,-,В наличии
Power Bank Porodo Gaming Arcadevolt 10000mAh PDPBXH002BK,536 m,-,В наличии
"Детский планшет для рисования Porodo Kids Tracing Book 8.5"" PDLFST082BK",186 m,-,В наличии
Фитнес-браслет Porodo Trackfit Smart Fitness Band PDSB1062BU,330 m,-,В наличии
Детские умные часы Porodo Kids Junicare PDLFST003PK,762 m,-,В наличии
Мини-холодильник Green Lion 22L 65W GNREFG22LBK,2 261 m,2 367 m,В наличии
Геймерское кресло AndaSeat Kaiser Frontier XL Black,4 226 m,4 425 m,В наличии
СЖО Jungle Leopard 360P TK1 ARGB,1 376 m,1 441 m,В наличии
СЖО Deepcool MYSTIQUE 240 ARGB,2 359 m,2 470 m,В наличии
Чемодан дорожный Xiaomi Classic Pro 26 (Black),3 047 m,3 190 m,В наличии
Наушники JBL Live 770NC (Beige),2 058 m,-,В наличии
Утюг Philips Azur DST7051 (Black-Violet),1 553 m,1 626 m,В наличии
Бойлер Tesy 80л (CTV 804415 D07 TR),2 850 m,2 985 m,В наличии
Цифровой телефон Grandstream GHP621 GHP621,905 m,947 m,В наличии
Мини-мойка Ronix RP-U100,1 278 m,1 338 m,В наличии
Мясорубка Vitek VT-3620,1 376 m,1 441 m,В наличии
IP-камера Hikvision DS-2CD2T45G0P-I,1 868 m,1 956 m,В наличии
Мини ПК TEXHOO QN-SE Barebone AMD Ryzen 5 3450U NoRAM NoSSD,3 087 m,-,В наличии
Беговая дорожка Xiaomi KingSmith TRG1F Pro,10 599 m,-,В наличии
Монитор Samsung Essential Monitor S3(S30GD) LS27D300GAMXUE,2 058 m,-,В наличии
Комбинированная плита Skyworth 110л (White),5 557 m,-,В наличии
Видеодомофон Panasonic VL-SA72,3 499 m,-,В наличии
Картридж для плоттера HP T930 (727) Yellow,927 m,-,В наличии
Массажер для шеи и плеч Philips Massage Shawl PPM3201N (Black),1 421 m,-,В наличии
3D принтер ELEGOO Mars 5 Ultra 9K,8 953 m,-,В наличии
Цифровой телефон Grandstream GHP621W GHP621W,1 174 m,-,В наличии
Кухонный комбайн Ardesto KSTM-8041,1 750 m,-,В наличии
Принтер 4 в 1 Epson L14150,9 982 m,-,В наличии
Сканер Epson Workforce DS-1630 EP-B11B239402BB,3 993 m,-,В наличии
Антимоскитная лампа Porodo Lifestyle Mosquito Zapper PD-LFST135-BK,289 m,-,В наличии
Зеркало для макияжа Porodo Lifestyle Hollywood Vanity PD-LFST162-WHRG,906 m,-,В наличии
Зеркало для макияжа Porodo Lifestyle Vanity PD-LFST160-WHRG,433 m,-,В наличии
Портативная лампа Porodo LED Tube Light PD-LFST136-WH,289 m,-,В наличии
Электрическая отвертка Porodo TechFix 97-in-1 PD-GTE970-BK,453 m,-,В наличии
Bluetooth-адаптер Porodo Audio Transmitter Black PD-BTRCV-BK,145 m,-,В наличии
Power Bank Porodo 60000mAh Multi-Device PD-PBFCH079-BK,680 m,-,В наличии
Power Bank Porodo Solar-Powered 20000mAh PDPBAS149BK,556 m,-,В наличии
Power Bank Porodo Gaming Arcadevolt 10000mAh PDPBXH002BK,536 m,-,В наличии
"Детский планшет для рисования Porodo Kids Tracing Book 8.5"" PDLFST082BK",186 m,-,В наличии
Фитнес-браслет Porodo Trackfit Smart Fitness Band PDSB1062BU,330 m,-,В наличии
Детские умные часы Porodo Kids Junicare PDLFST003PK,762 m,-,В наличии
Мини-холодильник Green Lion 22L 65W GNREFG22LBK,2 261 m,2 367 m,В наличии
Геймерское кресло AndaSeat Kaiser Frontier XL Black,4 226 m,4 425 m,В наличии
СЖО Jungle Leopard 360P TK1 ARGB,1 376 m,1 441 m,В наличии
СЖО Deepcool MYSTIQUE 240 ARGB,2 359 m,2 470 m,В наличии
Чемодан дорожный Xiaomi Classic Pro 26 (Black),3 047 m,3 190 m,В наличии
Наушники JBL Live 770NC (Beige),2 058 m,-,В наличии
Утюг Philips Azur DST7051 (Black-Violet),1 553 m,1 626 m,В наличии
Бойлер Tesy 80л (CTV 804415 D07 TR),2 850 m,2 985 m,В наличии
Цифровой телефон Grandstream GHP621 GHP621,905 m,947 m,В наличии
Мини-мойка Ronix RP-U100,1 278 m,1 338 m,В наличии
Мясорубка Vitek VT-3620,1 376 m,1 441 m,В наличии
IP-камера Hikvision DS-2CD2T45G0P-I,1 868 m,1 956 m,В наличии
Мини ПК TEXHOO QN-SE Barebone AMD Ryzen 5 3450U NoRAM NoSSD,3 087 m,-,В наличии
Беговая дорожка Xiaomi KingSmith TRG1F Pro,10 599 m,-,В наличии
Монитор Samsung Essential Monitor S3(S30GD) LS27D300GAMXUE,2 058 m,-,В наличии
Комбинированная плита Skyworth 110л (White),5 557 m,-,В наличии
Видеодомофон Panasonic VL-SA72,3 499 m,-,В наличии
Картридж для плоттера HP T930 (727) Yellow,927 m,-,В наличии
Массажер для шеи и плеч Philips Massage Shawl PPM3201N (Black),1 421 m,-,В наличии
3D принтер ELEGOO Mars 5 Ultra 9K,8 953 m,-,В наличии
Цифровой телефон Grandstream GHP621W GHP621W,1 174 m,-,В наличии
Кухонный комбайн Ardesto KSTM-8041,1 750 m,-,В наличии
Принтер 4 в 1 Epson L14150,9 982 m,-,В наличии
Сканер Epson Workforce DS-1630 EP-B11B239402BB,3 993 m,-,В наличии
Антимоскитная лампа Porodo Lifestyle Mosquito Zapper PD-LFST135-BK,289 m,-,В наличии
Зеркало для макияжа Porodo Lifestyle Hollywood Vanity PD-LFST162-WHRG,906 m,-,В наличии
Зеркало для макияжа Porodo Lifestyle Vanity PD-LFST160-WHRG,433 m,-,В наличии
Портативная лампа Porodo LED Tube Light PD-LFST136-WH,289 m,-,В наличии
Электрическая отвертка Porodo TechFix 97-in-1 PD-GTE970-BK,453 m,-,В наличии
Bluetooth-адаптер Porodo Audio Transmitter Black PD-BTRCV-BK,145 m,-,В наличии
Power Bank Porodo 60000mAh Multi-Device PD-PBFCH079-BK,680 m,-,В наличии
Power Bank Porodo Solar-Powered 20000mAh PDPBAS149BK,556 m,-,В наличии
Power Bank Porodo Gaming Arcadevolt 10000mAh PDPBXH002BK,536 m,-,В наличии
"Детский планшет для рисования Porodo Kids Tracing Book 8.5"" PDLFST082BK",186 m,-,В наличии
Фитнес-браслет Porodo Trackfit Smart Fitness Band PDSB1062BU,330 m,-,В наличии
Детские умные часы Porodo Kids Junicare PDLFST003PK,762 m,-,В наличии
Мини-холодильник Green Lion 22L 65W GNREFG22LBK,2 261 m,2 367 m,В наличии
Геймерское кресло AndaSeat Kaiser Frontier XL Black,4 226 m,4 425 m,В наличии
СЖО Jungle Leopard 360P TK1 ARGB,1 376 m,1 441 m,В наличии
СЖО Deepcool MYSTIQUE 240 ARGB,2 359 m,2 470 m,В наличии
Чемодан дорожный Xiaomi Classic Pro 26 (Black),3 047 m,3 190 m,В наличии
Наушники JBL Live 770NC (Beige),2 058 m,-,В наличии
Утюг Philips Azur DST7051 (Black-Violet),1 553 m,1 626 m,В наличии
Бойлер Tesy 80л (CTV 804415 D07 TR),2 850 m,2 985 m,В наличии
Цифровой телефон Grandstream GHP621 GHP621,905 m,947 m,В наличии
Мини-мойка Ronix RP-U100,1 278 m,1 338 m,В наличии
Мясорубка Vitek VT-3620,1 376 m,1 441 m,В наличии
IP-камера Hikvision DS-2CD2T45G0P-I,1 868 m,1 956 m,В наличии
Мини ПК TEXHOO QN-SE Barebone AMD Ryzen 5 3450U NoRAM NoSSD,3 087 m,-,В наличии
Беговая дорожка Xiaomi KingSmith TRG1F Pro,10 599 m,-,В наличии
Монитор Samsung Essential Monitor S3(S30GD) LS27D300GAMXUE,2 058 m,-,В наличии
Комбинированная плита Skyworth 110л (White),5 557 m,-,В наличии
Видеодомофон Panasonic VL-SA72,3 499 m,-,В наличии
Картридж для плоттера HP T930 (727) Yellow,927 m,-,В наличии
Массажер для шеи и плеч Philips Massage Shawl PPM3201N (Black),1 421 m,-,В наличии
3D принтер ELEGOO Mars 5 Ultra 9K,8 953 m,-,В наличии
Цифровой телефон Grandstream GHP621W GHP621W,1 174 m,-,В наличии
Кухонный комбайн Ardesto KSTM-8041,1 750 m,-,В наличии
Принтер 4 в 1 Epson L14150,9 982 m,-,В наличии
Сканер Epson Workforce DS-1630 EP-B11B239402BB,3 993 m,-,В наличии
