Название,Обычная цена на Ak Ýol Computers,Цена со скидкой на Ak Ýol Computers,Наличие на Ak Ýol Computers,Обычная цена на NTS Computers,Цена со скидкой на NTS Computers,Наличие на NTS Computers,Обычная цена на Notebook Merkezi,Цена со скидкой на Notebook Merkezi,Наличие на Notebook Merkezi
16 LENOVO IDEAPAD GAMING MODERN,-,-,-,435 ТМТ,-,-,-,-,-
16 LENOVO IDEAPAD GAMING MODERN (),-,-,-,435 ТМТ,-,-,-,-,-
16 LENOVO LEGION GB400,-,-,-,630 ТМТ,-,-,-,-,-
16 LENOVO LEGION GB700,-,-,-,1085 ТМТ,-,-,-,-,-
17.3 LENOVO B730 URBAN,-,-,-,770 ТМТ,-,-,-,-,-
17.3 LENOVO LEGION ACTIVE GAMING,-,-,-,770 ТМТ,-,-,-,-,-
3D ELEGOO MARS 5 ULTRA 9K,8953 ТМТ,-,В наличии,-,-,-,-,-,-
4 1 EPSON L14150,9982 ТМТ,-,В наличии,-,-,-,-,-,-
ACER 3 A315,-,-,-,-,-,-,-,-,В наличии
ACER 3 A31558G,-,-,-,-,-,-,-,-,В наличии
ACER 3 A31559G,-,-,-,-,-,-,-,-,В наличии
ACER 3 A31559G I5(12),-,-,-,-,-,-,-,-,В наличии
ACER 3 A31559G I7(12),-,-,-,-,-,-,-,-,В наличии
ACER 3 A31559G50FH,-,-,-,-,-,-,-,-,В наличии
ACER 3 A31559G52KM,-,-,-,-,-,-,-,-,В наличии
ACER 31556317,-,-,-,-,-,-,-,-,В наличии
ACER 5 A51557G RTX2050,-,-,-,-,-,-,-,-,В наличии
ACER 5 A51557G59VY I5(12) RTX2050,-,-,-,-,-,-,-,-,В наличии
ACER 5 A51557G59VY I7(12) RTX2050,-,-,-,-,-,-,-,-,В наличии
ACER 5 A51558P,-,-,-,-,-,-,-,-,В наличии
ACER 5 A51559G,-,-,-,-,-,-,-,-,В наличии
ACER A3 AMD R75700U,-,-,-,-,-,-,-,-,В наличии
ACER A315,-,-,-,-,-,-,-,-,В наличии
ACER A315510P,-,-,-,-,-,-,-,-,В наличии
ACER A3155832,-,-,-,-,-,-,-,-,В наличии
ACER A3155832X1,-,-,-,-,-,-,-,-,В наличии
ACER A5 15F,-,-,-,-,-,-,-,-,В наличии
ACER A7,-,-,-,-,-,-,-,-,В наличии
ACER AL1531PC3W5,-,-,-,-,-,-,-,-,В наличии
ACER ASPIRE 3 A31559G I5 (12 GEN),-,-,-,-,-,-,-,-,В наличии
ACER ASPIRE 3 A31559G I7 (12 GEN),-,-,-,-,-,-,-,-,В наличии
ACER ASPIRE 5 I5,-,-,-,-,-,-,-,-,В наличии
ACER ASPIRE 5 I7,-,-,-,-,-,-,-,-,В наличии
ACER ASPIRE 7 RTX 3050,-,-,-,-,-,-,-,-,В наличии
ACER ASPIRE A31556 BLACK,-,-,-,-,-,-,-,-,В наличии
ACER ASPIRE GO 15 I7(13GEN),-,-,-,-,-,-,-,-,В наличии
ACER ASPIRE I913900H,-,-,-,-,-,-,-,-,В наличии
ACER ASPIRE LITE AL15 I5(12),-,-,-,-,-,-,-,-,В наличии
ACER ASPIRE LITE AL1532P,-,-,-,-,-,-,-,-,В наличии
ACER ASPIRE LITE AL1652P,-,-,-,-,-,-,-,-,В наличии
ACER ASPIRE3 A31559G (12 GEN),-,-,-,-,-,-,-,-,В наличии
ACER EK271 27 IPS 144HZ,-,-,-,-,-,-,1811 ТМТ,-,В наличии
ACER NITRO 15F I7(13) RTX4060,-,-,-,-,-,-,-,-,В наличии
ACER NITRO 5 AN515 RTX3050,-,-,-,-,-,-,-,-,В наличии
ACER NITRO 5 AN515 RTX4050,-,-,-,-,-,-,-,-,В наличии
ACER NITRO 5 AN515 RYZEN 7,-,-,-,-,-,-,-,-,В наличии
ACER NITRO 5 AN51545,-,-,-,-,-,-,-,-,В наличии
ACER NITRO 5AN51755,-,-,-,-,-,-,-,-,В наличии
ACER NITRO AN515 RTX3050,-,-,-,-,-,-,-,-,В наличии
ACER NITRO AN515 RTX3070 8GB,-,-,-,-,-,-,-,-,В наличии
ACER NITRO LITE NL16 RTX4050 6GB,-,-,-,-,-,-,19150 ТМТ,-,В наличии
ACER NITRO V,-,-,-,-,-,-,-,-,В наличии
ACER NITRO V15 ANV15 RTX5050 8GB,-,-,-,-,-,-,20275 ТМТ,-,В наличии
ACER NITRO V15 CI5 RTX4050,-,-,-,-,-,-,-,-,В наличии
ACER NITRO V15 CPU CI9RTX4060,-,-,-,-,-,-,-,-,В наличии
ACER NITRO V15 RTX3050,-,-,-,-,-,-,-,-,В наличии
ACER NITRO V15 RTX4050,-,-,-,-,-,-,-,-,В наличии
ACER NITRO V15 RTX4060,-,-,-,-,-,-,-,-,В наличии
ACER NITRO V16 RTX3050 6GB,-,-,-,-,-,-,-,-,В наличии
ACER NITRO V16 RTX4060 8G,-,-,-,-,-,-,-,-,В наличии
ACER NITRO V16 SLIM RTX5070 8GB,-,-,-,-,-,-,32725 ТМТ,-,В наличии
ACER PREDATOR HELIOS NEO 16,-,-,-,-,-,-,-,-,В наличии
ACER PREDATOR HELIOS NEO 16 I9,-,-,-,-,-,-,-,-,В наличии
ACER SF314511,-,-,-,-,-,-,-,-,В наличии
ACER SWIFT GO I5,-,-,-,-,-,-,-,-,В наличии
ACER SWIFT GO I7,-,-,-,-,-,-,-,-,В наличии
ACER SWIFT SF31443R16V,-,-,-,-,-,-,-,-,В наличии
ANDASEAT KAISER FRONTIER XL BLACK,4226 ТМТ,4425 ТМТ,В наличии,-,-,-,-,-,-
ARDESTO KSTM8041,1750 ТМТ,-,В наличии,-,-,-,-,-,-
ASUS CREATOR Q530VJ73050,-,-,-,-,-,-,-,-,В наличии
ASUS CREATOR Q540VJ193050,-,-,-,-,-,-,-,-,В наличии
ASUS E1504FA,-,-,-,-,-,-,-,-,В наличии
ASUS E1504FABQ415,-,-,-,-,-,-,-,-,В наличии
ASUS E1504FANJ287,-,-,-,-,-,-,-,-,В наличии
ASUS E1504GNJ558,-,-,-,-,-,-,-,-,В наличии
ASUS E410,-,-,-,-,-,-,-,-,В наличии
ASUS EXPERTBOOK B3402FBALE0035,-,-,-,-,-,-,-,-,В наличии
ASUS EXPERTBOOK B5 FLIP,-,-,-,-,-,-,-,-,В наличии
ASUS Q415MAU5512,-,-,-,-,-,-,-,-,В наличии
ASUS ROG FLOW GV601VVNF034,-,-,-,-,-,-,-,-,В наличии
ASUS ROG STRIX G15 G513RCHN133,-,-,-,-,-,-,-,-,В наличии
ASUS ROG STRIX G15 G513RMLN007,-,-,-,-,-,-,-,-,В наличии
ASUS ROG STRIX G16,-,-,-,-,-,-,-,-,В наличии
ASUS ROG STRIX G17 G713IHHX007,-,-,-,-,-,-,-,-,В наличии
ASUS ROG STRIX G17 G713RCHX048 ECLIPSE GRAY,-,-,-,-,-,-,-,-,В наличии
ASUS ROG STRIX G18 G814JIRN6021,-,-,-,-,-,-,-,-,В наличии
ASUS ROG STRIX G18 G814JVN6035,-,-,-,-,-,-,-,-,В наличии
ASUS ROG STRIX G18 G815JMRS9050,-,-,-,-,-,-,-,-,В наличии
ASUS ROG STRIX G614JVN4071,-,-,-,-,-,-,-,-,В наличии
ASUS ROG STRIX G614JZN3069,-,-,-,-,-,-,-,-,В наличии
ASUS ROG STRIX G615JPR RTX5070,-,-,-,-,-,-,-,-,В наличии
ASUS ROG STRIX G615LR RTX 5070TI,-,-,-,-,-,-,-,-,В наличии
ASUS ROG STRIX G835LX RTX5090,-,-,-,-,-,-,-,-,В наличии
ASUS ROG STRIX SCAR 15 G533ZSLN042,-,-,-,-,-,-,-,-,В наличии
ASUS ROG STRIX SCAR 17 G733ZWKH116W,-,-,-,-,-,-,-,-,В наличии
ASUS ROG STRIX SCAR 18 G834JYN6038,-,-,-,-,-,-,-,-,В наличии
ASUS ROG STRIX SCAR 18 G834JYRR6027W,-,-,-,-,-,-,-,-,В наличии
ASUS ROG STRIX SCAR 18 G834JZN6021 BLACK,-,-,-,-,-,-,-,-,В наличии
ASUS ROG STRIX SCAR 18 G834JZRN6019,-,-,-,-,-,-,-,-,В наличии
ASUS ROG ZEPHYRUS DUO 16 LO120X,-,-,-,-,-,-,-,-,В наличии
ASUS ROG ZEPHYRUS DUO 16 LO206W,-,-,-,-,-,-,-,-,В наличии
ASUS ROG ZEPHYRUS G16 GU605MIQR077 2.5K OLED,-,-,-,-,-,-,-,-,В наличии
ASUS ROG ZEPHYRUS G16 GU605MVQR085,-,-,-,-,-,-,-,-,В наличии
ASUS ROG ZEPHYRUS G16 GU605MZQR051W,-,-,-,-,-,-,-,-,В наличии
ASUS ROG ZEPHYRUS G16 GU605MZQR064W,-,-,-,-,-,-,-,-,В наличии
ASUS ROG ZEPHYRUS GU603VVG16,-,-,-,-,-,-,-,-,В наличии
ASUS ROG ZEPHYRUS GU605CR RTX5070TI,-,-,-,-,-,-,-,-,В наличии
ASUS ROG ZEPHYRUS GU605MIQR077 16.0 QHD 240HZ,-,-,-,-,-,-,-,-,В наличии
ASUS TUF A15 FA506NFR RTX2050 4GB,-,-,-,-,-,-,-,-,В наличии
ASUS TUF A15 FA506XICB,-,-,-,-,-,-,-,-,В наличии
ASUS TUF A15 FA507NUR RTX4050 6GB,-,-,-,-,-,-,-,-,В наличии
ASUS TUF A15 FA507NURLP040,-,-,-,-,-,-,-,-,В наличии
ASUS TUF A15 FA507NURLP044,-,-,-,-,-,-,-,-,В наличии
ASUS TUF A15 FA507NVLP020,-,-,-,-,-,-,-,-,В наличии
ASUS TUF A15 FA507NVLP023,-,-,-,-,-,-,-,-,В наличии
ASUS TUF A15 FA507NVLP133,-,-,-,-,-,-,-,-,В наличии
ASUS TUF A15 FA507XIHQ014,-,-,-,-,-,-,-,-,В наличии
ASUS TUF DASH F15 FX517ZMHN094,-,-,-,-,-,-,-,-,В наличии
ASUS TUF DASH F15 FX517ZMHN097,-,-,-,-,-,-,-,-,В наличии
ASUS TUF DASH F15 FX517ZRHQ008,-,-,-,-,-,-,-,-,В наличии
ASUS TUF FA506NCRTX3050,-,-,-,-,-,-,-,-,В наличии
ASUS TUF FA507NVLP137 R5RTX 4060,-,-,-,-,-,-,-,-,В наличии
ASUS TUF FA608PPRTX5070,-,-,-,-,-,-,-,-,В наличии
ASUS TUF FX608JHRRV002,-,-,-,-,-,-,-,-,В наличии
ASUS TUF FX608JPRV013 RTX5070,-,-,-,-,-,-,26550 ТМТ,-,В наличии
ASUS TUF FX707VJHX006,-,-,-,-,-,-,-,-,В наличии
ASUS TUF GAMING A15 FA507RE,-,-,-,-,-,-,-,-,В наличии
ASUS TUF GAMING A16 FA607PVN3005,-,-,-,-,-,-,-,-,В наличии
ASUS TUF GAMING A17 FA707REHX027,-,-,-,-,-,-,-,-,В наличии
ASUS TUF GAMING A18 FA808UMS8030,-,-,-,-,-,-,27165 ТМТ,-,В наличии
ASUS TUF GAMING F15 FX507ZC4HN002,-,-,-,-,-,-,-,-,В наличии
ASUS TUF GAMING F15 FX507ZV4LP058,-,-,-,-,-,-,-,-,В наличии
ASUS TUF GAMING F17,-,-,-,-,-,-,-,-,В наличии
ASUS TUF GAMING FA 506ICBHN106,-,-,-,-,-,-,-,-,В наличии
ASUS TUF GAMING FA506NCGHN191,-,-,-,-,-,-,15846 ТМТ,-,В наличии
ASUS TUF GAMING FA506NCRTX3050,-,-,-,-,-,-,-,-,В наличии
ASUS TUF GAMING FA507UIRTX4070,-,-,-,-,-,-,27370 ТМТ,-,В наличии
ASUS TUF GAMING FA608PMRV041,-,-,-,-,-,-,-,-,В наличии
ASUS TUF GAMING FA707NUHX052,-,-,-,-,-,-,-,-,В наличии
ASUS TUF GAMING FA707NVRRTX4060 8GB,-,-,-,-,-,-,-,-,В наличии
ASUS TUF GAMING FX506LHB BONFIRE BLACK,-,-,-,-,-,-,-,-,В наличии
ASUS TUF GAMING FX507VI RTX4070 8GB,-,-,-,-,-,-,-,-,В наличии
ASUS TUF GAMING FX507VIRTX4070,-,-,-,-,-,-,-,-,В наличии
ASUS TUF GAMING FX507VU RTX4050 6GB,-,-,-,-,-,-,-,-,В наличии
ASUS TUF GAMING FX507VVLP148,-,-,-,-,-,-,-,-,В наличии
ASUS TUF GAMING FX607VJBRL103,-,-,-,-,-,-,-,-,В наличии
ASUS TUF GAMING FX608JHRRV036,-,-,-,-,-,-,-,-,В наличии
ASUS TUF GAMING FX608JPRRV019,-,-,-,-,-,-,30050 ТМТ,-,В наличии
ASUS TUF GAMING FX707VILL055,-,-,-,-,-,-,-,-,В наличии
ASUS TUF GAMING FX707VV RTX4060 8GB,-,-,-,-,-,-,-,-,В наличии
ASUS TUF GAMING FX707VVHX183,-,-,-,-,-,-,-,-,В наличии
ASUS TUF GAMING FX707ZC4HX014,-,-,-,-,-,-,-,-,В наличии
ASUS TUF GAMING FX707ZC4HX015,-,-,-,-,-,-,-,-,В наличии
ASUS TUF GAMING FX707ZC4KH083,-,-,-,-,-,-,-,-,В наличии
ASUS UM3402YAKP602,-,-,-,-,-,-,-,-,В наличии
ASUS VIVOBOOK 14 X1407QALY071W,-,-,-,-,-,-,15125 ТМТ,-,В наличии
ASUS VIVOBOOK 15,-,-,-,-,-,-,-,-,В наличии
ASUS VIVOBOOK 15 M1505YAL1399,-,-,-,-,-,-,-,-,В наличии
ASUS VIVOBOOK 15 X1502ZABQ238,-,-,-,-,-,-,-,-,В наличии
ASUS VIVOBOOK 15X OLED X1503ZAL1274,-,-,-,-,-,-,-,-,В наличии
ASUS VIVOBOOK 16 X1605VAMB1359,-,-,-,-,-,-,-,-,В наличии
ASUS VIVOBOOK 16 XM3604YAMB239,-,-,-,-,-,-,-,-,В наличии
ASUS VIVOBOOK 16X K3605VCRP380,-,-,-,-,-,-,-,-,В наличии
ASUS VIVOBOOK 16XM160QAMB097,-,-,-,-,-,-,-,-,В наличии
ASUS VIVOBOOK 16XM160QAMB12,-,-,-,-,-,-,-,-,В наличии
ASUS VIVOBOOK 17,-,-,-,-,-,-,-,-,В наличии
ASUS VIVOBOOK 17 A712EA,-,-,-,-,-,-,-,-,В наличии
ASUS VIVOBOOK 17 X1704VAAU883,-,-,-,-,-,-,-,-,В наличии
ASUS VIVOBOOK 18 M1807HA,-,-,-,-,-,-,-,-,В наличии
ASUS VIVOBOOK 18 M1807HAS8025,-,-,-,-,-,-,17500 ТМТ,-,В наличии
ASUS VIVOBOOK A1504VANJ533,-,-,-,-,-,-,-,-,В наличии
ASUS VIVOBOOK A1504VANJ539,-,-,-,-,-,-,-,-,В наличии
ASUS VIVOBOOK E1504FABQ090,-,-,-,-,-,-,-,-,В наличии
ASUS VIVOBOOK E1504FABQ2467,-,-,-,-,-,-,-,-,В наличии
ASUS VIVOBOOK E1504FAL1285,-,-,-,-,-,-,-,-,В наличии
ASUS VIVOBOOK FLIP TN3402YALZ030W,-,-,-,-,-,-,-,-,В наличии
ASUS VIVOBOOK GO 14 FLIP,-,-,-,-,-,-,-,-,В наличии
ASUS VIVOBOOK K3402ZAKM268,-,-,-,-,-,-,-,-,В наличии
ASUS VIVOBOOK K3504VAMA468,-,-,-,-,-,-,-,-,В наличии
ASUS VIVOBOOK K3504VAMA490,-,-,-,-,-,-,-,-,В наличии
ASUS VIVOBOOK K3604VAMB243,-,-,-,-,-,-,-,-,В наличии
ASUS VIVOBOOK K3605ZFMB243,-,-,-,-,-,-,-,-,В наличии
ASUS VIVOBOOK K3605ZFMB313,-,-,-,-,-,-,-,-,В наличии
ASUS VIVOBOOK K3704VAAU051,-,-,-,-,-,-,-,-,В наличии
ASUS VIVOBOOK M1502NAQBQ049,-,-,-,-,-,-,-,-,В наличии
ASUS VIVOBOOK M3604YAMB106,-,-,-,-,-,-,-,-,В наличии
ASUS VIVOBOOK M3604YAMB109,-,-,-,-,-,-,-,-,В наличии
ASUS VIVOBOOK M3604YAMB193,-,-,-,-,-,-,-,-,В наличии
ASUS VIVOBOOK M3604YAMB216,-,-,-,-,-,-,-,-,В наличии
ASUS VIVOBOOK M3604YAMB239,-,-,-,-,-,-,-,-,В наличии
ASUS VIVOBOOK M3704YAAU085,-,-,-,-,-,-,-,-,В наличии
ASUS VIVOBOOK M3704YAAU086,-,-,-,-,-,-,-,-,В наличии
ASUS VIVOBOOK M3704YAAU087,-,-,-,-,-,-,-,-,В наличии
ASUS VIVOBOOK M3704YAAU088,-,-,-,-,-,-,-,-,В наличии
ASUS VIVOBOOK M3704YAAU118,-,-,-,-,-,-,-,-,В наличии
ASUS VIVOBOOK M3704YAAU161,-,-,-,-,-,-,-,-,В наличии
ASUS VIVOBOOK M3704YAAU162,-,-,-,-,-,-,-,-,В наличии
ASUS VIVOBOOK PRO M6500QCHN058,-,-,-,-,-,-,-,-,В наличии
ASUS VIVOBOOK PRO M6500XULP078,-,-,-,-,-,-,-,-,В наличии
ASUS VIVOBOOK PRO M6500XULP083,-,-,-,-,-,-,-,-,В наличии
ASUS VIVOBOOK PRO M6506MVMA004W,-,-,-,-,-,-,-,-,В наличии
ASUS VIVOBOOK S 15 OLED K5504VAMA278W,-,-,-,-,-,-,-,-,В наличии
ASUS VIVOBOOK S M5406NAQD079,-,-,-,-,-,-,-,-,В наличии
ASUS VIVOBOOK S M5406NAQD080,-,-,-,-,-,-,-,-,В наличии
ASUS VIVOBOOK S S3607VA,-,-,-,-,-,-,-,-,В наличии
ASUS VIVOBOOK S S5507Q SNAPDRAGON X,-,-,-,-,-,-,-,-,В наличии
ASUS VIVOBOOK S S5606MAMX005W,-,-,-,-,-,-,-,-,В наличии
ASUS VIVOBOOK S S5606MAMX080,-,-,-,-,-,-,-,-,В наличии
ASUS VIVOBOOK S5406SAQD028,-,-,-,-,-,-,-,-,В наличии
ASUS VIVOBOOK S5506MA ULTRA 5,-,-,-,-,-,-,-,-,В наличии
ASUS VIVOBOOK S5506MA ULTRA 7,-,-,-,-,-,-,-,-,В наличии
ASUS VIVOBOOK V3607VHRP020,-,-,-,-,-,-,-,-,В наличии
ASUS VIVOBOOK X1502ZABQ2270,-,-,-,-,-,-,-,-,В наличии
ASUS VIVOBOOK X1502ZABQ2271,-,-,-,-,-,-,-,-,В наличии
ASUS VIVOBOOK X1502ZAEJ289,-,-,-,-,-,-,-,-,В наличии
ASUS VIVOBOOK X1503ZL1303,-,-,-,-,-,-,-,-,В наличии
ASUS VIVOBOOK X1504VA ULTRA 5 120U,-,-,-,-,-,-,-,-,В наличии
ASUS VIVOBOOK X1504VABQ322,-,-,-,-,-,-,-,-,В наличии
ASUS VIVOBOOK X1504VABQ361,-,-,-,-,-,-,-,-,В наличии
ASUS VIVOBOOK X1504VABQ4173,-,-,-,-,-,-,12350 ТМТ,-,В наличии
ASUS VIVOBOOK X1504VABQ574,-,-,-,-,-,-,-,-,В наличии
ASUS VIVOBOOK X1504VABQ579,-,-,-,-,-,-,-,-,В наличии
ASUS VIVOBOOK X1504ZA I7(12),-,-,-,-,-,-,-,-,В наличии
ASUS VIVOBOOK X1504ZABQ316,-,-,-,-,-,-,-,-,В наличии
ASUS VIVOBOOK X1504ZABQ501,-,-,-,-,-,-,-,-,В наличии
ASUS VIVOBOOK X1504ZABQ792,-,-,-,-,-,-,-,-,В наличии
ASUS VIVOBOOK X1504ZANJ061,-,-,-,-,-,-,-,-,В наличии
ASUS VIVOBOOK X1605VAMB863,-,-,-,-,-,-,-,-,В наличии
ASUS VIVOBOOK X1605VAMB864,-,-,-,-,-,-,-,-,В наличии
ASUS VIVOBOOK X1605ZAMB123,-,-,-,-,-,-,-,-,В наличии
ASUS VIVOBOOK X1704VAAU1017,-,-,-,-,-,-,12993 ТМТ,-,В наличии
ASUS VIVOBOOK X1704VAAU1078,-,-,-,-,-,-,-,-,В наличии
ASUS VIVOBOOK X1704VAAU1143,-,-,-,-,-,-,-,-,В наличии
ASUS VIVOBOOK X1704VAAU295,-,-,-,-,-,-,-,-,В наличии
ASUS VIVOBOOK X1704VAAU299,-,-,-,-,-,-,-,-,В наличии
ASUS VIVOBOOK X1704VAAU378,-,-,-,-,-,-,-,-,В наличии
ASUS VIVOBOOK X1704VAAU379,-,-,-,-,-,-,-,-,В наличии
ASUS VIVOBOOK X1704VAAU443,-,-,-,-,-,-,-,-,В наличии
ASUS VIVOBOOK X1704VAAU651,-,-,-,-,-,-,-,-,В наличии
ASUS X509FABR350 SLATE GREY,-,-,-,-,-,-,-,-,В наличии
ASUS X513UABN716,-,-,-,-,-,-,-,-,В наличии
ASUS X515EALERDAN,-,-,-,-,-,-,-,-,В наличии
ASUS X515EPEJ194,-,-,-,-,-,-,-,-,В наличии
ASUS X515EPEJ441,-,-,-,-,-,-,-,-,В наличии
ASUS X515FAEJ186,-,-,-,-,-,-,-,-,В наличии
ASUS X515J,-,-,-,-,-,-,-,-,В наличии
ASUS X515JAEJ2411W SILVER,-,-,-,-,-,-,-,-,В наличии
ASUS ZENBOOK 2IN1 Q508UG FLIP,-,-,-,-,-,-,-,-,В наличии
ASUS ZENBOOK DUO UX8406CAQL080W,-,-,-,-,-,-,-,-,В наличии
ASUS ZENBOOK DUO UX8406MAQL141W,-,-,-,-,-,-,-,-,В наличии
ASUS ZENBOOK PRO DUO 15 OLED,-,-,-,-,-,-,-,-,В наличии
ASUS ZENBOOK Q410VA 14X OLED,-,-,-,-,-,-,-,-,В наличии
ASUS ZENBOOK S UM5606WARK220W,-,-,-,-,-,-,-,-,В наличии
ASUS ZENBOOK UM3402YAKP601,-,-,-,-,-,-,-,-,В наличии
ASUS ZENBOOK UM3406HAQD081,-,-,-,-,-,-,-,-,В наличии
ASUS ZENBOOK UM3504DAMA251,-,-,-,-,-,-,-,-,В наличии
ASUS ZENBOOK UM3504DAMA456,-,-,-,-,-,-,-,-,В наличии
ASUS ZENBOOK UM425UAAM297,-,-,-,-,-,-,-,-,В наличии
ASUS ZENBOOK UX3405MAQD026,-,-,-,-,-,-,-,-,В наличии
ASUS ZENBOOK UX3405MAQD379W,-,-,-,-,-,-,-,-,В наличии
ASUS ZENBOOK UX3405MAQD437,-,-,-,-,-,-,-,-,В наличии
ASUS ZENBOOK UX3405MAQD613,-,-,-,-,-,-,-,-,В наличии
ASUS ZENBOOK UX3405MAQD652,-,-,-,-,-,-,-,-,В наличии
ASUS ZENBOOK UX3405MAQD784,-,-,-,-,-,-,-,-,В наличии
ASUS ZENBOOK UX5304MANQ161,-,-,-,-,-,-,-,-,В наличии
BLUETOOTH PORODO AUDIO TRANSMITTER BLACK PDBTRCVBK,145 ТМТ,-,В наличии,-,-,-,-,-,-
DEEPCOOL MYSTIQUE 240 ARGB,2359 ТМТ,2470 ТМТ,В наличии,-,-,-,-,-,-
DELL 3520 I3(12GEN),-,-,-,-,-,-,-,-,В наличии
DELL INSPIRON 14 5440 ULTRA 5,-,-,-,-,-,-,-,-,В наличии
DELL INSPIRON 14 5440 ULTRA 7,-,-,-,-,-,-,-,-,В наличии
DELL INSPIRON 14 7440 TOUCH,-,-,-,-,-,-,-,-,В наличии
DELL LATITUDE 3540 I51355U,-,-,-,-,-,-,-,-,В наличии
DELL LATITUDE 3540 I71355U,-,-,-,-,-,-,-,-,В наличии
DELL PRO 14  CORE 5  16ГБ DDR5  512ГБ SSD  14 IPS,-,-,-,14900 ТМТ,-,-,-,-,-
DELL PRO 14  CORE 5  8ГБ DDR5  512ГБ SSD  14 IPS,-,-,-,13000 ТМТ,-,-,-,-,-
DELL PRO 15 ESSENTIAL  I51334U  8ГБ DDR5  512ГБ SSD  15.6 120HZ,-,-,-,9900 ТМТ,-,-,-,-,-
DELL PRO 15 ESSENTIAL  I71355U  20ГБ DDR5  512ГБ SSD  15.6 120HZ,-,-,-,13500 ТМТ,-,-,-,-,-
DELL PRO 15 ESSENTIAL  I71355U  8ГБ DDR5  512ГБ SSD  15.6 120HZ,-,-,-,11100 ТМТ,-,-,-,-,-
DELL PRO 15 ESSENTIAL PV15250 RAM 16GB,-,-,-,-,-,-,-,-,В наличии
DELL VOSTRO 3510,-,-,-,-,-,-,-,-,В наличии
DELL VOSTRO 3510 CARBON BLACK,-,-,-,-,-,-,-,-,В наличии
DELL VOSTRO 3520,-,-,-,-,-,-,-,-,В наличии
DELL VOSTRO 3520 I5 (12),-,-,-,-,-,-,-,-,В наличии
DELL VOSTRO 3520 I7 (12),-,-,-,-,-,-,-,-,В наличии
DELL VOSTRO 3530 I3(13)120HZ,-,-,-,-,-,-,-,-,В наличии
DELL VOSTRO 3530 I5(13)120HZ,-,-,-,-,-,-,-,-,В наличии
DELL VOSTRO 3530 I7(13)120HZ,-,-,-,-,-,-,-,-,В наличии
ELITEGROUP LIVA SD41GM,-,-,-,-,-,-,2985 ТМТ,-,В наличии
EPSON WORKFORCE DS1630 EPB11B239402BB,3993 ТМТ,-,В наличии,-,-,-,-,-,-
GAMING NOTEBOOK ACER NITRO LITE NL1671G55JR,-,-,-,-,-,-,14920 ТМТ,-,В наличии
GAMING NOTEBOOK ACER NITRO V15 ANV155257BB,-,-,-,-,-,-,-,-,В наличии
GAMING NOTEBOOK ACER NITRO V15 CPU CI9 13900H,-,-,-,-,-,-,24700 ТМТ,-,В наличии
GAMING NOTEBOOK ASUS ROG STRIX G815LWS9014,-,-,-,-,-,-,-,-,В наличии
GAMING NOTEBOOK ASUS TUF FA607NUGRL124,-,-,-,-,-,-,-,-,В наличии
GAMING NOTEBOOK HP 15FA2082WM VICTUS,-,-,-,-,-,-,-,-,В наличии
GAMING NOTEBOOK LENOVO LOQ 15IRRX9,-,-,-,-,-,-,-,-,В наличии
GAMING NOTEBOOK LENOVO LOQ ESSENTIAL CI5 12450HX,-,-,-,-,-,-,-,-,В наличии
GRANDSTREAM GHP621 GHP621,905 ТМТ,947 ТМТ,В наличии,-,-,-,-,-,-
GRANDSTREAM GHP621W GHP621W,1174 ТМТ,-,В наличии,-,-,-,-,-,-
GREEN LION 22L 65W GNREFG22LBK,2261 ТМТ,2367 ТМТ,В наличии,-,-,-,-,-,-
HP 13BE0003NE AERO,-,-,-,-,-,-,-,-,В наличии
HP 15DW4000NIA,-,-,-,-,-,-,-,-,В наличии
HP 15DW4002NIA,-,-,-,-,-,-,-,-,В наличии
HP 15DW4017,-,-,-,-,-,-,-,-,В наличии
HP 15DW4028NE,-,-,-,-,-,-,-,-,В наличии
HP 15DY5885,-,-,-,-,-,-,-,-,В наличии
HP 15EN1002NE OMEN,-,-,-,-,-,-,-,-,В наличии
HP 15FA1082WMRTX4050,-,-,-,-,-,-,-,-,В наличии
HP 15FA2013DX VICTUS,-,-,-,-,-,-,-,-,В наличии
HP 15FA2701WM VICTUS,-,-,-,-,-,-,-,-,В наличии
HP 15FB2082WM RTX4050 6GB,-,-,-,-,-,-,-,-,В наличии
HP 15FC0196,-,-,-,-,-,-,8750 ТМТ,-,В наличии
HP 15FD0496NIA,-,-,-,-,-,-,-,-,В наличии
HP 15FD0602TU,-,-,-,-,-,-,-,-,В наличии
HP 15FD1085CL,-,-,-,-,-,-,10700 ТМТ,-,В наличии
HP 15SDW4026NI,-,-,-,-,-,-,-,-,В наличии
HP 15SFQ0008NIA,-,-,-,-,-,-,-,-,В наличии
HP 15SFQ5000NIA,-,-,-,-,-,-,-,-,В наличии
HP 15SFQ5100,-,-,-,-,-,-,-,-,В наличии
HP 15SFQ5274NIA,-,-,-,-,-,-,-,-,В наличии
HP 15SFQ5292NIA,-,-,-,-,-,-,-,-,В наличии
HP 16WF0083DX,-,-,-,-,-,-,-,-,В наличии
HP 17CP1035CL,-,-,-,-,-,-,-,-,В наличии
HP 250 G9 I3 (12),-,-,-,-,-,-,-,-,В наличии
HP 250 G9 I5 (12),-,-,-,-,-,-,-,-,В наличии
HP 250 G9 I7 (12),-,-,-,-,-,-,-,-,В наличии
HP 255 G10,-,-,-,-,-,-,-,-,В наличии
HP 450 G9,-,-,-,-,-,-,-,-,В наличии
HP 450 G9 I51235U,-,-,-,-,-,-,-,-,В наличии
HP 470 G10 I5(13),-,-,-,-,-,-,-,-,В наличии
HP 470 G10 I7(13),-,-,-,-,-,-,-,-,В наличии
HP DW1536NIA,-,-,-,-,-,-,-,-,В наличии
HP ENVY 14ES0013DX TRANFORMER,-,-,-,-,-,-,-,-,В наличии
HP ENVY 14ES1013DX ULTRA 5,-,-,-,-,-,-,-,-,В наличии
HP ENVY 14ES1013DX ULTRA 7,-,-,-,-,-,-,-,-,В наличии
HP ENVY 17CR0797,-,-,-,-,-,-,-,-,В наличии
HP ENVY X360 2IN1 13BF0013DX,-,-,-,-,-,-,-,-,В наличии
HP ENVY X360 2IN1 14ES0033DX,-,-,-,-,-,-,-,-,В наличии
HP ENVY X360 2IN1 15EF0053DX,-,-,-,-,-,-,-,-,В наличии
HP ENVY X360 2IN1 15EW0023DX,-,-,-,-,-,-,-,-,В наличии
HP ENVY X360 2IN1 15EY0013DX,-,-,-,-,-,-,-,-,В наличии
HP OMNI BOOK 5 FLIP 14FP0023,-,-,-,-,-,-,-,-,В наличии
HP PAVILION 16AG0070,-,-,-,-,-,-,-,-,В наличии
HP PAVILION AERO 13BE0097NR,-,-,-,-,-,-,-,-,В наличии
HP T930 (727) YELLOW,927 ТМТ,-,В наличии,-,-,-,-,-,-
HP VICTUS 15FA0026NQ,-,-,-,-,-,-,-,-,В наличии
HP VICTUSRTX3050 4GB,-,-,-,-,-,-,-,-,В наличии
HP X360 15EW1058WM,-,-,-,-,-,-,-,-,В наличии
HUAWEI B3520,-,-,-,-,-,-,-,-,В наличии
HUAWEI MATEBOOK B3410,-,-,-,-,-,-,-,-,В наличии
HUAWEI MATEBOOK D16,-,-,-,-,-,-,-,-,В наличии
IP HIKVISION DS2CD2T45G0PI,1868 ТМТ,1956 ТМТ,В наличии,-,-,-,-,-,-
IRU Z15S,-,-,-,-,-,-,-,-,В наличии
JBL LIVE 770NC (BEIGE),2058 ТМТ,-,В наличии,-,-,-,-,-,-
JUNGLE LEOPARD 360P TK1 ARGB,1376 ТМТ,1441 ТМТ,В наличии,-,-,-,-,-,-
LEGION 5 16IAX9 RTX4060 8GB,-,-,-,-,-,-,-,-,В наличии
LENOVO GAMING 3 15IAH7,-,-,-,-,-,-,-,-,В наличии
LENOVO IDEAPAD 5 I5 16512,-,-,-,-,-,-,-,-,В наличии
LENOVO IDEAPAD 5 I7 16512,-,-,-,-,-,-,17184 ТМТ,-,В наличии
LENOVO IDEAPAD SLIM 3 15ABR8,-,-,-,-,-,-,-,-,В наличии
LENOVO IDEAPAD SLIM 3 15AMN8,-,-,-,-,-,-,8440 ТМТ,-,В наличии
LENOVO IDEAPAD SLIM 3 I7(13GEN),-,-,-,-,-,-,-,-,В наличии
LENOVO IP SLIM 3,-,-,-,-,-,-,-,-,В наличии
LENOVO IP SLIM 3 I3(13),-,-,-,-,-,-,-,-,В наличии
LENOVO IP SLIM 3 I7(13),-,-,-,-,-,-,-,-,В наличии
LENOVO IP SLIM 5 ULTRA 5,-,-,-,-,-,-,-,-,В наличии
LENOVO IP SLIM 5 ULTRA 7,-,-,-,-,-,-,-,-,В наличии
LENOVO IP1 15IGL7,-,-,-,-,-,-,-,-,В наличии
LENOVO IP1 CELERON,-,-,-,-,-,-,-,-,В наличии
LENOVO IP1 I5(13),-,-,-,-,-,-,9880 ТМТ,-,В наличии
LENOVO IP3,-,-,-,-,-,-,-,-,В наличии
LENOVO IP3 15ALC6,-,-,-,-,-,-,-,-,В наличии
LENOVO IP3 15IAU7,-,-,-,-,-,-,-,-,В наличии
LENOVO IP3 15IGL05,-,-,-,-,-,-,-,-,В наличии
LENOVO IP3 15ITL6,-,-,-,-,-,-,-,-,В наличии
LENOVO IP3 SLIM 16IRU8,-,-,-,-,-,-,-,-,В наличии
LENOVO IP315FHD,-,-,-,-,-,-,-,-,В наличии
LENOVO IP315ITL6,-,-,-,-,-,-,-,-,В наличии
LENOVO IP5,-,-,-,-,-,-,-,-,В наличии
LENOVO IP5 I5(12),-,-,-,-,-,-,-,-,В наличии
LENOVO LOQ 15ARP3 RTX4060 8GB,-,-,-,-,-,-,-,-,В наличии
LENOVO LOQ 15ARP9 RTX4060,-,-,-,-,-,-,-,-,В наличии
LENOVO LOQ 15IAX9 RTX3050,-,-,-,-,-,-,-,-,В наличии
LENOVO LOQ 15IAX9 RTX4060,-,-,-,-,-,-,-,-,В наличии
LENOVO LOQ 15IAX9E RTX2050,-,-,-,-,-,-,-,-,В наличии
LENOVO LOQ 15IRH8 I5,-,-,-,-,-,-,-,-,В наличии
LENOVO LOQ 15IRH8 I7,-,-,-,-,-,-,-,-,В наличии
LENOVO LOQ 15IRRX9RTX3050,-,-,-,-,-,-,-,-,В наличии
LENOVO LOQ 15IRX9,-,-,-,-,-,-,-,-,В наличии
LENOVO LOQ 15IRX9 24GB RAM,-,-,-,-,-,-,-,-,В наличии
LENOVO LOQ 15IRX9 I7RTX3050,-,-,-,-,-,-,-,-,В наличии
LENOVO LOQ 15IRX9 I7RTX4050,-,-,-,-,-,-,-,-,В наличии
LENOVO LOQ 15IRX9 RTX2050,-,-,-,-,-,-,-,-,В наличии
LENOVO LOQ ESSENTIAL CPU CI7 12650HX,-,-,-,-,-,-,-,-,В наличии
LENOVO THINKBOOK 15G4,-,-,-,-,-,-,-,-,В наличии
LENOVO THINKBOOK TB14 G6,-,-,-,-,-,-,-,-,В наличии
LENOVO THINKPAD E15,-,-,-,-,-,-,-,-,В наличии
LENOVO V15 G2,-,-,-,-,-,-,-,-,В наличии
LENOVO V15 G3 I5(12),-,-,-,-,-,-,-,-,В наличии
LENOVO V15 G4 I5 (13GEN),-,-,-,-,-,-,-,-,В наличии
LENOVO V15 I3 (12),-,-,-,-,-,-,-,-,В наличии
LENOVO V15G2,-,-,-,-,-,-,-,-,В наличии
LENOVO V15G2 CELERON,-,-,-,-,-,-,-,-,В наличии
LENOVO V15G2 ITL,-,-,-,-,-,-,-,-,В наличии
LENOVO V15G3 I3(12),-,-,-,-,-,-,-,-,В наличии
LENOVO V15G4 I3(13),-,-,-,-,-,-,-,-,В наличии
LENOVO YOGA 7 CPU,-,-,-,-,-,-,-,-,В наличии
LENOVO YOGA SLIM S6 I5,-,-,-,-,-,-,-,-,В наличии
LENOVO YOGA SLIM S6 I7,-,-,-,-,-,-,-,-,В наличии
MICROSOFT SURFACE PRO 9,-,-,-,-,-,-,-,-,В наличии
MSI ALPHA 17 B5EEK036XUZ,-,-,-,-,-,-,-,-,В наличии
MSI CROSSHAIR 15 B12UGZ467XUZ,-,-,-,-,-,-,-,-,В наличии
MSI CROSSHAIR 17 B12UGZ288XUZ,-,-,-,-,-,-,-,-,В наличии
MSI CYBORG 15 A12VF,-,-,-,-,-,-,-,-,В наличии
MSI GF63,-,-,-,-,-,-,-,-,В наличии
MSI GF63 RTX2050,-,-,-,-,-,-,-,-,В наличии
MSI GF63 THIN 11UC039XUZ,-,-,-,-,-,-,-,-,В наличии
MSI KATANA GF76 11UC836XUZ,-,-,-,-,-,-,-,-,В наличии
MSI KATANA GF76 11UG448XUZ,-,-,-,-,-,-,-,-,В наличии
MSI RAIDER GE76 12UGS,-,-,-,-,-,-,-,-,В наличии
MSI THIN 15,-,-,-,-,-,-,-,-,В наличии
MSI VECTOR GP66 12UGS,-,-,-,-,-,-,-,-,В наличии
NOTEBOOK ACER ASPIRE LITE,-,-,-,-,-,-,-,-,В наличии
NOTEBOOK ASUS ROG STRIX G614PPS5064,-,-,-,-,-,-,39720 ТМТ,-,В наличии
NOTEBOOK ASUS ROG STRIX G814PHS8011,-,-,-,-,-,-,28700 ТМТ,-,В наличии
NOTEBOOK ASUS VIVOBOOK 15 X1504VABQ590,-,-,-,-,-,-,-,-,В наличии
NOTEBOOK ASUS VIVOBOOK 15 X1504VABQ591,-,-,-,-,-,-,-,-,В наличии
NOTEBOOK ASUS VIVOBOOK 15 X1504VABQ688,-,-,-,-,-,-,-,-,В наличии
NOTEBOOK ASUS VIVOBOOK E1504FABQ1929,-,-,-,-,-,-,-,-,В наличии
NOTEBOOK ASUS VIVOBOOK E1504FABQ664,-,-,-,-,-,-,-,-,В наличии
NOTEBOOK ASUS VIVOBOOK S16 M3607HASH097,-,-,-,-,-,-,-,-,В наличии
NOTEBOOK ASUS VIVOBOOK S16 S3607CASH078,-,-,-,-,-,-,-,-,В наличии
NOTEBOOK ASUS VIVOBOOK X1504VABQ2275,-,-,-,-,-,-,-,-,В наличии
NOTEBOOK ASUS VIVOBOOK X1504ZANJ379,-,-,-,-,-,-,-,-,В наличии
NOTEBOOK ASUS VIVOBOOK X1605VAMB1113,-,-,-,-,-,-,-,-,В наличии
NOTEBOOK ASUS VIVOBOOK X1605VAMB1697,-,-,-,-,-,-,-,-,В наличии
NOTEBOOK ASUS VIVOBOOK X1605VASH2128,-,-,-,-,-,-,-,-,В наличии
NOTEBOOK DELL PRO 15 ESSENTIAL PV15250,-,-,-,-,-,-,11300 ТМТ,-,В наличии
NOTEBOOK DELL PRO 15 ESSENTIAL PV15250 CPU CI5,-,-,-,-,-,-,9775 ТМТ,-,В наличии
NOTEBOOK DELL PRO 15 ULTRA 3,-,-,-,-,-,-,-,-,В наличии
NOTEBOOK HP 15FC0171 CPU AMD ATHLON SILVER 7120U(22)RAM 8GBSSD 256GBVGA SHARED15.6FHDSILVER,-,-,-,-,-,-,-,-,В наличии
NOTEBOOK HP 15FD0154WM,-,-,-,-,-,-,-,-,В наличии
NOTEBOOK HP 17CP2025DX,-,-,-,-,-,-,-,-,В наличии
NOTEBOOK HP 250G9,-,-,-,-,-,-,5350 ТМТ,-,В наличии
NOTEBOOK HP OMNI BOOK X FLIP 16AS0023DX,-,-,-,-,-,-,-,-,В наличии
NOTEBOOK LENOVO IDEAPAD SLIM 16AHP10,-,-,-,-,-,-,-,-,В наличии
NOTEBOOK LENOVO IDEAPAD SLIM 3 15ABR8,-,-,-,-,-,-,-,-,В наличии
NOTEBOOK LENOVO IDEAPAD SLIM 3 15AMN8,-,-,-,-,-,-,9160 ТМТ,-,В наличии
NOTEBOOK LENOVO IP SLIM 3 16IRH10,-,-,-,-,-,-,-,-,В наличии
NOTEBOOK LENOVO IP1 CPU CELERON N4500,-,-,-,-,-,-,-,-,В наличии
NOTEBOOK LENOVO LOQ 15ARP9,-,-,-,-,-,-,-,-,В наличии
NOTEBOOK LENOVO LOQ 15IRX10,-,-,-,-,-,-,-,-,В наличии
NOTEBOOK LENOVO THINKBOOK TB14 G6,-,-,-,-,-,-,12250 ТМТ,-,В наличии
NOTEBOOK LENOVO V15G4 7730U,-,-,-,-,-,-,-,-,В наличии
NOTEBOOK LENOVO V15IJL,-,-,-,-,-,-,5670 ТМТ,-,В наличии
PANASONIC VLSA72,3499 ТМТ,-,В наличии,-,-,-,-,-,-
PHILIPS AZUR DST7051 (BLACKVIOLET),1553 ТМТ,1626 ТМТ,В наличии,-,-,-,-,-,-
PHILIPS MASSAGE SHAWL PPM3201N (BLACK),1421 ТМТ,-,В наличии,-,-,-,-,-,-
PORODO KIDS JUNICARE PDLFST003PK,762 ТМТ,-,В наличии,-,-,-,-,-,-
PORODO KIDS TRACING BOOK 8.5 PDLFST082BK,186 ТМТ,-,В наличии,-,-,-,-,-,-
PORODO LED TUBE LIGHT PDLFST136WH,289 ТМТ,-,В наличии,-,-,-,-,-,-
PORODO LIFESTYLE HOLLYWOOD VANITY PDLFST162WHRG,906 ТМТ,-,В наличии,-,-,-,-,-,-
PORODO LIFESTYLE MOSQUITO ZAPPER PDLFST135BK,289 ТМТ,-,В наличии,-,-,-,-,-,-
PORODO LIFESTYLE VANITY PDLFST160WHRG,433 ТМТ,-,В наличии,-,-,-,-,-,-
PORODO TECHFIX 97IN1 PDGTE970BK,453 ТМТ,-,В наличии,-,-,-,-,-,-
PORODO TRACKFIT SMART FITNESS BAND PDSB1062BU,330 ТМТ,-,В наличии,-,-,-,-,-,-
POWER BANK PORODO 60000MAH MULTIDEVICE PDPBFCH079BK,680 ТМТ,-,В наличии,-,-,-,-,-,-
POWER BANK PORODO GAMING ARCADEVOLT 10000MAH PDPBXH002BK,536 ТМТ,-,В наличии,-,-,-,-,-,-
POWER BANK PORODO SOLARPOWERED 20000MAH PDPBAS149BK,556 ТМТ,-,В наличии,-,-,-,-,-,-
RONIX RPU100,1278 ТМТ,1338 ТМТ,В наличии,-,-,-,-,-,-
SAMSUNG ESSENTIAL MONITOR S3(S30GD) LS27D300GAMXUE,2058 ТМТ,-,В наличии,-,-,-,-,-,-
SKYWORTH 110Л (WHITE),5557 ТМТ,-,В наличии,-,-,-,-,-,-
TESY 80Л (CTV 804415 D07 TR),2850 ТМТ,2985 ТМТ,В наличии,-,-,-,-,-,-
TEXHOO QNSE BAREBONE AMD RYZEN 5 3450U NORAM NOSSD,3087 ТМТ,-,В наличии,-,-,-,-,-,-
ULTRABOOK ASUS VIVOBOOK 14 X1407QALY043W,-,-,-,-,-,-,14300 ТМТ,-,В наличии
ULTRABOOK ASUS VIVOBOOK S M3407HASF065,-,-,-,-,-,-,-,-,В наличии
ULTRABOOK ASUS ZENBOOK UM3406KAQD170,-,-,-,-,-,-,-,-,В наличии
ULTRABOOK ASUS ZENBOOK UX3405CAPP590,-,-,-,-,-,-,-,-,В наличии
ULTRABOOK ASUS ZENBOOK UX3405CAQL549,-,-,-,-,-,-,-,-,В наличии
VITEK VT3620,1376 ТМТ,1441 ТМТ,В наличии,-,-,-,-,-,-
XIAOMI CLASSIC PRO 26 (BLACK),3047 ТМТ,3190 ТМТ,В наличии,-,-,-,-,-,-
XIAOMI KINGSMITH TRG1F PRO,10599 ТМТ,-,В наличии,-,-,-,-,-,-
XIAOMI REDMIBOOK 14 2024,-,-,-,-,-,-,-,-,В наличии
XIAOMI REDMIBOOK G PRO,-,-,-,-,-,-,-,-,В наличии
XIAOMI REDMIBOOK PRO 14,-,-,-,-,-,-,-,-,В наличии
XIAOMI REDMIBOOK PRO 16,-,-,-,-,-,-,-,-,В наличии
ZENBOOK 14 OLED UX3405MA,-,-,-,-,-,-,-,-,В наличии
